sp|C0HK63|ATPN_PICAN,2.67E-08,sp|C0HK63|ATPN_PICAN,0,0,0,0,0,0,0,0,0,0,0,
sp|P0DPE8|SM34B_HUMAN,1.56E-08,sp|P0DPE8|SM34B_HUMAN,0,0,0,0,0,0,0,0,0,0,0,
sp|Q79G04|PE03_MYCTU,7.90E-10,sp|Q79G04|PE03_MYCTU,0,0,0,0,0,0,0,0,0,0,0,
sp|P0DOJ4|LT_POVBG,6.57E-11,sp|P0DOJ4|LT_POVBG,0,0,0,0,0,0,0,0,0,0,0,
sp|K0DZ91|ECDJ_ASPRU,8.59E-11,sp|K0DZ91|ECDJ_ASPRU,0,0,0,0,0,0,0,0,0,0,0,
sp|F2T0M3|NSCB_TRIRC,3.04E-10,sp|F2T0M3|NSCB_TRIRC,0,0,0,0,0,0,0,0,0,0,0,
sp|A0A084R1M7|ATR4_STAC4,1.23E-09,sp|A0A084R1M7|ATR4_STAC4,0,0,0,0,0,0,0,0,0,0,0,
sp|A2CIR5|NPR4_ORYSJ,1.30E-09,sp|A2CIR5|NPR4_ORYSJ,0,0,0,0,0,0,0,0,0,0,0,
sp|F4IDS7|VPS18_ARATH,2.92E-11,sp|F4IDS7|VPS18_ARATH,0,0,0,0,0,0,0,0,0,0,0,
sp|W0TA43|ATG13_KLUMD,2.01E-10,sp|W0TA43|ATG13_KLUMD,0,0,0,0,0,0,0,0,0,0,0,
sp|Q0JHF1|BZP12_ORYSJ,7.96E-10,sp|Q0JHF1|BZP12_ORYSJ,0,0,0,0,0,0,0,0,0,0,0,
sp|C0HK48|ITRY_CASLE,0.026661042,sp|C0HK48|ITRY_CASLE,0,0,0,0,0,0,0,0,0,0,0,
sp|H9JBU5|SSK_BOMMO,5.62E-10,sp|H9JBU5|SSK_BOMMO,0,0,0,0,0,0,0,0,0,0,0,
sp|A0A067XMT3|PTAI_PESFW,1.02E-08,sp|A0A067XMT3|PTAI_PESFW,0,0,0,0,0,0,0,0,0,0,0,
sp|Q0CJ60|ATC_ASPTN,1.21E-10,sp|Q0CJ60|ATC_ASPTN,0,0,0,0,0,0,0,0,0,0,0,
sp|D3ZF18|CK097_RAT,1.07E-09,sp|D3ZF18|CK097_RAT,0,0,0,0,0,0,0,0,0,0,0,
sp|O49067|LG2_MAIZE,3.16E-09,sp|O49067|LG2_MAIZE,0,0,0,0,0,0,0,0,0,0,0,
sp|Q4V398|OFT34_ARATH,1.86E-09,sp|Q4V398|OFT34_ARATH,0,0,0,0,0,0,0,0,0,0,0,
sp|A2TBU2|EASF_EPIFI,1.31E-08,sp|A2TBU2|EASF_EPIFI,0,0,0,0,0,0,0,0,0,0,0,
sp|F4HVS0|BTSL2_ARATH,8.28E-10,sp|F4HVS0|BTSL2_ARATH,0,0,0,0,0,0,0,0,0,0,0,
sp|P0DKL0|STKLT_ARATH,2.44E-09,sp|P0DKL0|STKLT_ARATH,0,0,0,0,0,0,0,0,0,0,0,
sp|Q9V466|NU107_DROME,6.36E-10,sp|Q9V466|NU107_DROME,0,0,0,0,0,0,0,0,0,0,0,
sp|Q15JG4|VLDB_STRHL,4.77E-09,sp|Q15JG4|VLDB_STRHL,0,0,0,0,0,0,0,0,0,0,0,
sp|Q9VZM7|INT10_DROME,6.26E-10,sp|Q9VZM7|INT10_DROME,0,0,0,0,0,0,0,0,0,0,0,
sp|A2XMV1|DHE1_ORYSI,3.80E-09,sp|A2XMV1|DHE1_ORYSI,0,0,0,0,0,0,0,0,0,0,0,
sp|Q4W945|ENCB_ASPFU,3.39E-09,sp|Q4W945|ENCB_ASPFU,0,0,0,0,0,0,0,0,0,0,0,
sp|Q21121|MCU_CAEEL,4.00E-09,sp|Q21121|MCU_CAEEL,0,0,0,0,0,0,0,0,0,0,0,
sp|Q72J02|TTUC_THET2,2.92E-10,sp|Q72J02|TTUC_THET2,0,0,0,0,0,0,0,0,0,0,0,
sp|Q9FMW3|OFT37_ARATH,6.52E-09,sp|Q9FMW3|OFT37_ARATH,0,0,0,0,0,0,0,0,0,0,0,
sp|A0A0G2JXN2|TRI46_RAT,6.12E-10,sp|A0A0G2JXN2|TRI46_RAT,0,0,0,0,0,0,0,0,0,0,0,
sp|C0HL68|ES1GA_ODOGR,0.007556798,sp|C0HL68|ES1GA_ODOGR,0,0,0,0,0,0,0,0,0,0,0,
sp|Q8CJY7|CHPA_STRCO,3.13E-08,sp|Q8CJY7|CHPA_STRCO,0,0,0,0,0,0,0,0,0,0,0,
sp|P0DOA7|ESXV_MYCTU,3.95E-08,sp|P0DOA7|ESXV_MYCTU,0,0,0,0,0,0,0,0,0,0,0,
sp|Q96XT2|OFOA2_SULTO,1.60E-09,sp|Q96XT2|OFOA2_SULTO,0,0,0,0,0,0,0,0,0,0,0,
sp|Q6F9F5|TGNA_ACIAD,9.26E-09,sp|Q6F9F5|TGNA_ACIAD,0,0,0,0,0,0,0,0,0,0,0,
sp|Q9FK30|OFT36_ARATH,6.67E-11,sp|Q9FK30|OFT36_ARATH,0,0,0,0,0,0,0,0,0,0,0,
sp|B8NJG7|LEPC_ASPFN,5.18E-10,sp|B8NJG7|LEPC_ASPFN,0,0,0,0,0,0,0,0,0,0,0,
sp|Q9VCR3|COW_DROME,1.95E-09,sp|Q9VCR3|COW_DROME,0,0,0,0,0,0,0,0,0,0,0,
sp|C0HK61|ATPJ_PICAN,1.39E-07,sp|C0HK61|ATPJ_PICAN,0,0,0,0,0,0,0,0,0,0,0,
sp|O21871|ENDON_BPLSK,4.21E-05,sp|O21871|ENDON_BPLSK,0,0,0,0,0,0,0,0,0,0,0,
sp|Q5NBM8|CSA_ORYSJ,5.28E-10,sp|Q5NBM8|CSA_ORYSJ,0,0,0,0,0,0,0,0,0,0,0,
sp|Q965G5|MAK2_CAEEL,2.31E-09,sp|Q965G5|MAK2_CAEEL,0,0,0,0,0,0,0,0,0,0,0,
sp|D4Z909|LIND_SPHJU,1.30E-09,sp|D4Z909|LIND_SPHJU,0,0,0,0,0,0,0,0,0,0,0,
sp|J7MDG6|CAHS2_RAMVA,5.60E-09,sp|J7MDG6|CAHS2_RAMVA,0,0,0,0,0,0,0,0,0,0,0,
sp|C0HL00|BR2RF_PELRI,2.31E-05,sp|C0HL00|BR2RF_PELRI,0,0,0,0,0,0,0,0,0,0,0,
sp|Q9VV72|MINP1_DROME,8.07E-09,sp|Q9VV72|MINP1_DROME,0,0,0,0,0,0,0,0,0,0,0,
sp|Q927E4|DHAM1_LISIN,1.70E-06,sp|Q927E4|DHAM1_LISIN,0,0,0,0,0,0,0,0,0,0,0,
sp|L7N1X6|FBW15_MOUSE,3.86E-09,sp|L7N1X6|FBW15_MOUSE,0,0,0,0,0,0,0,0,0,0,0,
sp|Q9LTA6|WAV3_ARATH,2.72E-10,sp|Q9LTA6|WAV3_ARATH,0,0,0,0,0,0,0,0,0,0,0,
sp|A0A023IWK6|BAMA1_AMAPH,0.000103517,sp|A0A023IWK6|BAMA1_AMAPH,1,0,1,0,0,0,0,1,1,4,0.444444444,
sp|C8VJQ0|ASQH2_EMENI,6.08E-08,sp|C8VJQ0|ASQH2_EMENI,0,0,0,0,0,0,0,0,0,0,0,
sp|C0HKL3|CRBM4_XENBM,0.7412991,sp|C0HKL3|CRBM4_XENBM,1,0,1,0,0,0,0,1,1,4,0.444444444,
sp|Q22495|TSP12_CAEEL,1.60E-09,sp|Q22495|TSP12_CAEEL,0,0,0,0,0,0,0,0,0,0,0,
sp|A0A0U1RQF7|DP2NB_HUMAN,7.45E-09,sp|A0A0U1RQF7|DP2NB_HUMAN,0,0,0,0,0,0,0,0,0,0,0,
sp|F4JP52|PQT3_ARATH,1.64E-10,sp|F4JP52|PQT3_ARATH,0,0,0,0,0,0,0,0,0,0,0,
sp|C4N147|FABP1_DORPE,2.09E-08,sp|C4N147|FABP1_DORPE,0,0,0,0,0,0,0,0,0,0,0,
sp|G5CTG8|AQP11_MILTA,8.19E-10,sp|G5CTG8|AQP11_MILTA,0,0,0,0,0,0,0,0,0,0,0,
sp|Q5L2C2|GLYOX_GEOKA,3.17E-08,sp|Q5L2C2|GLYOX_GEOKA,0,0,0,0,0,0,0,0,0,0,0,
sp|Q9VFS6|INT5_DROME,1.22E-10,sp|Q9VFS6|INT5_DROME,0,0,0,0,0,0,0,0,0,0,0,
sp|D3YYM4|WDR72_MOUSE,3.24E-09,sp|D3YYM4|WDR72_MOUSE,0,0,0,0,0,0,0,0,0,0,0,
sp|Q5S502|PCP16_ARATH,4.74E-07,sp|Q5S502|PCP16_ARATH,0,0,0,0,0,0,0,0,0,0,0,
sp|Q9SJH6|RLP29_ARATH,4.54E-09,sp|Q9SJH6|RLP29_ARATH,0,0,0,0,0,0,0,0,0,0,0,
sp|B8A4F0|ZD16A_DANRE,0.000154319,sp|B8A4F0|ZD16A_DANRE,0,0,0,0,0,0,0,0,0,0,0,
sp|A0A1B0GU71|C97D2_HUMAN,9.04E-07,sp|A0A1B0GU71|C97D2_HUMAN,0,0,0,0,0,0,0,0,0,0,0,
sp|I1RD82|ATG27_GIBZE,7.40E-08,sp|I1RD82|ATG27_GIBZE,0,0,0,0,0,0,0,0,0,0,0,
sp|B6SCF5|STS1_HUMLU,2.77E-09,sp|B6SCF5|STS1_HUMLU,0,0,0,0,0,0,0,0,0,0,0,
sp|Q72E85|QRCC_DESVH,1.41E-05,sp|Q72E85|QRCC_DESVH,0,0,0,0,0,0,0,0,0,0,0,
sp|Q0JHU7|MB3R2_ORYSJ,1.80E-10,sp|Q0JHU7|MB3R2_ORYSJ,0,0,0,0,0,0,0,0,0,0,0,
sp|Q69UD7|AT8_ORYSJ,6.23E-09,sp|Q69UD7|AT8_ORYSJ,0,0,0,0,0,0,0,0,0,0,0,
sp|Q9FN19|HOS15_ARATH,1.11E-09,sp|Q9FN19|HOS15_ARATH,0,0,0,0,0,0,0,0,0,0,0,
sp|P0DP61|SLUR2_MACMU,3.24E-05,sp|P0DP61|SLUR2_MACMU,0,0,0,0,0,0,0,0,0,0,0,
sp|A2R6G9|OTA3_ASPNC,1.33E-08,sp|A2R6G9|OTA3_ASPNC,0,0,0,0,0,0,0,0,0,0,0,
sp|Q3I3X0|GNKL_PICAB,2.03E-06,sp|Q3I3X0|GNKL_PICAB,0,0,0,0,0,0,0,0,0,0,0,
sp|Q53JF7|ASR5_ORYSJ,1.37E-07,sp|Q53JF7|ASR5_ORYSJ,0,0,0,0,0,0,0,0,0,0,0,
sp|Q59DX8|NAA80_DROME,3.84E-06,sp|Q59DX8|NAA80_DROME,0,0,0,0,0,0,0,0,0,0,0,
sp|Q08IB7|KGSD3_AZOBR,1.66E-09,sp|Q08IB7|KGSD3_AZOBR,0,0,0,0,0,0,0,0,0,0,0,
sp|C0HL71|B2GRC_ODOGR,5.76E-06,sp|C0HL71|B2GRC_ODOGR,0,0,0,0,0,1,1,0,0,2,0.222222222,
sp|Q6ZCZ2|BRL3_ORYSJ,8.74E-11,sp|Q6ZCZ2|BRL3_ORYSJ,0,0,0,0,0,0,0,0,0,0,0,
sp|Q2QYR5|DRM1B_ORYSJ,1.03E-10,sp|Q2QYR5|DRM1B_ORYSJ,0,0,0,0,0,0,0,0,0,0,0,
sp|Q80Y72|CSTL1_MOUSE,1.13E-05,sp|Q80Y72|CSTL1_MOUSE,0,0,0,0,0,0,0,0,0,0,0,
sp|Q2FZE3|SRTB_STAA8,5.70E-09,sp|Q2FZE3|SRTB_STAA8,0,0,0,0,0,0,0,0,0,0,0,
sp|F4JEX5|FIGL1_ARATH,1.31E-10,sp|F4JEX5|FIGL1_ARATH,0,0,0,0,0,0,0,0,0,0,0,
sp|L8FLZ2|Y78_MYCSE,6.95E-11,sp|L8FLZ2|Y78_MYCSE,0,0,0,0,0,0,0,0,0,0,0,
sp|Q9X234|WHIA_THEMA,1.76E-10,sp|Q9X234|WHIA_THEMA,0,0,0,0,0,0,0,0,0,0,0,
sp|Q4WAY8|FUMR_ASPFU,7.50E-11,sp|Q4WAY8|FUMR_ASPFU,0,0,0,0,0,0,0,0,0,0,0,
sp|A0A1B0GVM6|CK097_HUMAN,2.42E-09,sp|A0A1B0GVM6|CK097_HUMAN,0,0,0,0,0,0,0,0,0,0,0,
sp|Q5MR23|9DC3_SOLPI,6.32E-10,sp|Q5MR23|9DC3_SOLPI,0,0,0,0,0,0,0,0,0,0,0,
sp|Q69UE6|AT10_ORYSJ,1.63E-10,sp|Q69UE6|AT10_ORYSJ,0,0,0,0,0,0,0,0,0,0,0,
sp|F4JSU0|MYB87_ARATH,0.7142736,sp|F4JSU0|MYB87_ARATH,0,0,0,0,0,0,0,0,0,0,0,
sp|Q29VN2|TPS2_MAIZE,3.04E-10,sp|Q29VN2|TPS2_MAIZE,0,0,0,0,0,0,0,0,0,0,0,
sp|W7N2C1|FUB8_GIBM7,2.92E-10,sp|W7N2C1|FUB8_GIBM7,0,0,0,0,0,0,0,0,0,0,0,
sp|G5ED29|ATX2_CAEEL,6.55E-10,sp|G5ED29|ATX2_CAEEL,0,0,0,0,0,0,0,0,0,0,0,
sp|Q9SJQ9|ALFC6_ARATH,8.54E-09,sp|Q9SJQ9|ALFC6_ARATH,0,0,0,0,0,0,0,0,0,0,0,
sp|W3XA95|PFMAB_PESFW,2.17E-09,sp|W3XA95|PFMAB_PESFW,0,0,0,0,0,0,0,0,0,0,0,
sp|Q826W3|MEGL_STRAW,6.75E-08,sp|Q826W3|MEGL_STRAW,0,0,0,0,0,0,0,0,0,0,0,
sp|Q46FL1|CFBC_METBF,2.23E-09,sp|Q46FL1|CFBC_METBF,0,0,0,0,0,0,0,0,0,0,0,
sp|A0A089FRP6|PRLG_FUNXX,6.74E-11,sp|A0A089FRP6|PRLG_FUNXX,0,0,0,0,0,0,0,0,0,0,0,
sp|A0A1I9LMX5|PCEP9_ARATH,5.40E-07,sp|A0A1I9LMX5|PCEP9_ARATH,0,0,0,0,0,0,0,0,0,0,0,
sp|W0TA05|ATG7_KLUMD,1.81E-09,sp|W0TA05|ATG7_KLUMD,0,0,0,0,0,0,0,0,0,0,0,
sp|C0HKX8|APD1_PIMDI,0.9560076,sp|C0HKX8|APD1_PIMDI,1,0,1,0,1,0,0,1,1,5,0.555555556,
sp|Q8TK00|CBIA_METAC,1.89E-09,sp|Q8TK00|CBIA_METAC,0,0,0,0,0,0,0,0,0,0,0,
sp|Q9FNP4|PIA2_ARATH,6.75E-08,sp|Q9FNP4|PIA2_ARATH,0,0,0,0,0,0,0,0,0,0,0,
sp|Q4WAY4|FMAC_ASPFU,4.20E-09,sp|Q4WAY4|FMAC_ASPFU,0,0,0,0,0,0,0,0,0,0,0,
sp|K8FE10|SYT2_CAEEL,2.78E-08,sp|K8FE10|SYT2_CAEEL,0,0,0,0,0,0,0,0,0,0,0,
sp|C0HL91|AKH1A_AGRIP,0.9999999,sp|C0HL91|AKH1A_AGRIP,0,0,0,0,0,0,0,0,0,0,0,
sp|F1QC45|XRP2_DANRE,3.96E-11,sp|F1QC45|XRP2_DANRE,0,0,0,0,0,0,0,0,0,0,0,
sp|Q2R0K3|TBT1_ORYSJ,2.42E-09,sp|Q2R0K3|TBT1_ORYSJ,0,0,0,0,0,0,0,0,0,0,0,
sp|S0DPY2|APF11_GIBF5,1.08E-09,sp|S0DPY2|APF11_GIBF5,0,0,0,0,0,0,0,0,0,0,0,
sp|G5EFT4|AMP1_CAEEL,2.31E-10,sp|G5EFT4|AMP1_CAEEL,0,0,0,0,0,0,0,0,0,0,0,
sp|P0DOH2|GGAG_FSVMD,1.98E-09,sp|P0DOH2|GGAG_FSVMD,0,0,0,0,0,0,0,0,0,0,0,
sp|A0A1N7SYS3|COX16_CAEEL,2.68E-09,sp|A0A1N7SYS3|COX16_CAEEL,0,0,0,0,0,0,0,0,0,0,0,
sp|Q9XXH8|CNT1_CAEEL,1.13E-09,sp|Q9XXH8|CNT1_CAEEL,0,0,0,0,0,0,0,0,0,0,0,
sp|Q15FB4|LTMQ_EPIFI,9.01E-11,sp|Q15FB4|LTMQ_EPIFI,0,0,0,0,0,0,0,0,0,0,0,
sp|T1SH39|TXD17_EPICO,3.45E-06,sp|T1SH39|TXD17_EPICO,0,0,0,0,0,0,0,0,0,0,0,
sp|A0A0B4J277|TVA22_HUMAN,0.6570963,sp|A0A0B4J277|TVA22_HUMAN,0,0,0,0,0,0,0,0,0,0,0,
sp|D3WAC2|ENDON_BPLP2,4.21E-05,sp|D3WAC2|ENDON_BPLP2,0,0,0,0,0,0,0,0,0,0,0,
sp|Q4JBG6|CDVB1_SULAC,1.88E-09,sp|Q4JBG6|CDVB1_SULAC,0,0,0,0,0,0,0,0,0,0,0,
sp|Q9LS24|NAC96_ARATH,3.29E-07,sp|Q9LS24|NAC96_ARATH,0,0,0,0,0,0,0,0,0,0,0,
sp|A0A067XMV2|PTAH_PESFW,4.71E-09,sp|A0A067XMV2|PTAH_PESFW,0,0,0,0,0,0,0,0,0,0,0,
sp|Q9LSZ3|VUP1_ARATH,4.60E-08,sp|Q9LSZ3|VUP1_ARATH,0,0,0,0,0,0,0,0,0,0,0,
sp|A0A2K4Z9G8|COMPA_BACSU,2.04E-05,sp|A0A2K4Z9G8|COMPA_BACSU,1,0,1,0,0,0,0,1,1,4,0.444444444,
sp|Q8IS64|ECE_LOCMI,1.47E-09,sp|Q8IS64|ECE_LOCMI,0,0,0,0,0,0,0,0,0,0,0,
sp|A0A0J9YXX1|HV5X1_HUMAN,2.29E-08,sp|A0A0J9YXX1|HV5X1_HUMAN,0,0,0,0,0,0,0,0,0,0,0,
sp|A3MWN4|RKD1_PYRCJ,2.76E-09,sp|A3MWN4|RKD1_PYRCJ,0,0,0,0,0,0,0,0,0,0,0,
sp|A0A1B0GXF2|TVB72_HUMAN,0.96389115,sp|A0A1B0GXF2|TVB72_HUMAN,0,0,0,0,0,0,0,0,0,0,0,
sp|Q5WA76|PUB70_ORYSJ,5.93E-10,sp|Q5WA76|PUB70_ORYSJ,0,0,0,0,0,0,0,0,0,0,0,
sp|A8WH69|PRC3A_XENLA,1.01E-08,sp|A8WH69|PRC3A_XENLA,0,0,0,0,0,0,0,0,0,0,0,
sp|Q9C7E7|RDM16_ARATH,3.56E-10,sp|Q9C7E7|RDM16_ARATH,0,0,0,0,0,0,0,0,0,0,0,
sp|C0HK32|CYML5_MELLF,0.6926667,sp|C0HK32|CYML5_MELLF,1,0,1,0,0,0,0,1,1,4,0.444444444,
sp|Q9A716|LPXI_CAUVC,3.07E-10,sp|Q9A716|LPXI_CAUVC,0,0,0,0,0,0,0,0,0,0,0,
sp|G0J5N4|METXA_CYCMS,2.99E-09,sp|G0J5N4|METXA_CYCMS,0,0,0,0,0,0,0,0,0,0,0,
sp|D3WAD2|TMP_BPLP2,3.61E-11,sp|D3WAD2|TMP_BPLP2,0,0,0,0,0,0,0,0,0,0,0,
sp|P0DPA2|VSIG8_HUMAN,1.46E-09,sp|P0DPA2|VSIG8_HUMAN,0,0,0,0,0,0,0,0,0,0,0,
sp|S0DRY0|FUB10_GIBF5,1.23E-09,sp|S0DRY0|FUB10_GIBF5,0,0,0,0,0,0,0,0,0,0,0,
sp|C1FW05|ORD_UNKP,1.82E-09,sp|C1FW05|ORD_UNKP,0,0,0,0,0,0,0,0,0,0,0,
sp|Q8L6Z4|RPS9M_ARATH,8.09E-07,sp|Q8L6Z4|RPS9M_ARATH,0,0,0,0,0,0,0,0,0,0,0,
sp|G8YXZ9|TTH_ACIAM,2.05E-10,sp|G8YXZ9|TTH_ACIAM,0,0,0,0,0,0,0,0,0,0,0,
sp|Q8H594|WDR12_ORYSJ,1.96E-09,sp|Q8H594|WDR12_ORYSJ,0,0,0,0,0,0,0,0,0,0,0,
sp|Q9ZVD2|NHL13_ARATH,1.26E-07,sp|Q9ZVD2|NHL13_ARATH,0,0,0,0,0,0,0,0,0,0,0,
sp|P0DKL4|S130A_ARATH,3.93E-11,sp|P0DKL4|S130A_ARATH,0,0,0,0,0,0,0,0,0,0,0,
sp|O22977|BDG3_ARATH,4.11E-10,sp|O22977|BDG3_ARATH,0,0,0,0,0,0,0,0,0,0,0,
sp|Q9ZVA1|EP1L1_ARATH,3.04E-09,sp|Q9ZVA1|EP1L1_ARATH,0,0,0,0,0,0,0,0,0,0,0,
sp|I1RF59|AURZ_GIBZE,1.23E-08,sp|I1RF59|AURZ_GIBZE,0,0,0,0,0,0,0,0,0,0,0,
sp|Q50LG1|AF111_ALTAL,4.24E-10,sp|Q50LG1|AF111_ALTAL,0,0,0,0,0,0,0,0,0,0,0,
sp|C0HLB5|VATL2_CAEBR,1.69E-09,sp|C0HLB5|VATL2_CAEBR,0,0,0,0,0,0,0,0,0,0,0,
sp|Q6FTB1|TPO11_CANGA,1.60E-10,sp|Q6FTB1|TPO11_CANGA,0,0,0,0,0,0,0,0,0,0,0,
sp|B1GT62|SLAB_ACIAM,6.94E-10,sp|B1GT62|SLAB_ACIAM,0,0,0,0,0,0,0,0,0,0,0,
sp|F4I700|UBN2_ARATH,2.64E-10,sp|F4I700|UBN2_ARATH,0,0,0,0,0,0,0,0,0,0,0,
sp|Q8G848|FRUE_BIFLO,8.96E-10,sp|Q8G848|FRUE_BIFLO,0,0,0,0,0,0,0,0,0,0,0,
sp|G3ISL7|METAS_METTV,1.64E-08,sp|G3ISL7|METAS_METTV,0,0,0,0,0,0,0,0,0,0,0,
sp|B7STY2|ATRD_TAPPA,1.00E-09,sp|B7STY2|ATRD_TAPPA,0,0,0,0,0,0,0,0,0,0,0,
sp|B3FWT8|RDC3_METCM,2.56E-10,sp|B3FWT8|RDC3_METCM,0,0,0,0,0,0,0,0,0,0,0,
sp|A0A1B0GX95|TVB74_HUMAN,1.51E-06,sp|A0A1B0GX95|TVB74_HUMAN,0,0,0,0,0,0,0,0,0,0,0,
sp|G5ECD9|AEX2_CAEEL,1.22E-08,sp|G5ECD9|AEX2_CAEEL,0,0,0,0,0,0,0,0,0,0,0,
sp|G3XMB7|AZAC_ASPNA,7.36E-09,sp|G3XMB7|AZAC_ASPNA,0,0,0,0,0,0,0,0,0,0,0,
sp|Q63XL8|KPRS_BURPS,1.78E-09,sp|Q63XL8|KPRS_BURPS,0,0,0,0,0,0,0,0,0,0,0,
sp|Q5AW17|AP1_EMENI,1.94E-10,sp|Q5AW17|AP1_EMENI,0,0,0,0,0,0,0,0,0,0,0,
sp|Q8MRW5|ET96B_DROME,1.05E-09,sp|Q8MRW5|ET96B_DROME,0,0,0,0,0,0,0,0,0,0,0,
sp|A2RVS4|AIGLC_ARATH,3.69E-08,sp|A2RVS4|AIGLC_ARATH,0,0,0,0,0,0,0,0,0,0,0,
sp|A8JGB0|ASNA1_CHLRE,5.55E-11,sp|A8JGB0|ASNA1_CHLRE,0,0,0,0,0,0,0,0,0,0,0,
sp|Q5JH72|TIP_THEKO,2.21E-08,sp|Q5JH72|TIP_THEKO,0,0,0,0,0,0,0,0,0,0,0,
sp|S3DQP8|GLOG_GLAL2,3.14E-09,sp|S3DQP8|GLOG_GLAL2,0,0,0,0,0,0,0,0,0,0,0,
sp|Q9SKN7|SMR11_ARATH,1.59E-09,sp|Q9SKN7|SMR11_ARATH,0,0,0,0,0,0,0,0,0,0,0,
sp|Q9LVS0|KUA1_ARATH,7.11E-09,sp|Q9LVS0|KUA1_ARATH,0,0,0,0,0,0,0,0,0,0,0,
sp|G5EFD5|UNC71_CAEEL,3.91E-10,sp|G5EFD5|UNC71_CAEEL,0,0,0,0,0,0,0,0,0,0,0,
sp|H9D1R1|TXD12_EPICO,7.35E-10,sp|H9D1R1|TXD12_EPICO,0,0,0,0,0,0,0,0,0,0,0,
sp|Q5AUW8|ORSC_EMENI,2.28E-08,sp|Q5AUW8|ORSC_EMENI,0,0,0,0,0,0,0,0,0,0,0,
sp|F1QGC8|DTD1_DANRE,3.15E-09,sp|F1QGC8|DTD1_DANRE,0,0,0,0,0,0,0,0,0,0,0,
sp|Q84WJ9|PP1R7_ARATH,8.06E-09,sp|Q84WJ9|PP1R7_ARATH,0,0,0,0,0,0,0,0,0,0,0,
sp|F4IZ82|ARL8D_ARATH,1.22E-06,sp|F4IZ82|ARL8D_ARATH,0,0,0,0,0,0,0,0,0,0,0,
sp|Q8KCU0|BCHR_CHLTE,8.24E-09,sp|Q8KCU0|BCHR_CHLTE,0,0,0,0,0,0,0,0,0,0,0,
sp|G5EB20|SREA_EMENI,5.96E-10,sp|G5EB20|SREA_EMENI,0,0,0,0,0,0,0,0,0,0,0,
sp|Q7X7A4|MOF_ORYSJ,3.04E-11,sp|Q7X7A4|MOF_ORYSJ,0,0,0,0,0,0,0,0,0,0,0,
sp|Q9ZQ80|NDRP1_ARATH,3.82E-10,sp|Q9ZQ80|NDRP1_ARATH,0,0,0,0,0,0,0,0,0,0,0,
sp|Q9FJR5|PMI12_ARATH,4.12E-08,sp|Q9FJR5|PMI12_ARATH,0,0,0,0,0,0,0,0,0,0,0,
sp|Q9SN45|DOGL2_ARATH,4.59E-09,sp|Q9SN45|DOGL2_ARATH,0,0,0,0,0,0,0,0,0,0,0,
sp|Q9C664|TTM2_ARATH,6.87E-12,sp|Q9C664|TTM2_ARATH,0,0,0,0,0,0,0,0,0,0,0,
sp|D2PPN2|CYANR_KRIFD,8.06E-10,sp|D2PPN2|CYANR_KRIFD,0,0,0,0,0,0,0,0,0,0,0,
sp|Q05B79|DHX36_BOVIN,5.39E-11,sp|Q05B79|DHX36_BOVIN,0,0,0,0,0,0,0,0,0,0,0,
sp|Q5AR46|ASQC_EMENI,4.95E-08,sp|Q5AR46|ASQC_EMENI,0,0,0,0,0,0,0,0,0,0,0,
sp|A0A1B0GUS4|UB2L5_HUMAN,4.30E-08,sp|A0A1B0GUS4|UB2L5_HUMAN,0,0,0,0,0,0,0,0,0,0,0,
sp|Q9ZUZ6|WTF9_ARATH,1.04E-07,sp|Q9ZUZ6|WTF9_ARATH,0,0,0,0,0,0,0,0,0,0,0,
sp|C1FW07|ORTB_UNKP,2.61E-10,sp|C1FW07|ORTB_UNKP,0,0,0,0,0,0,0,0,0,0,0,
sp|F4JPX3|PBL20_ARATH,2.23E-09,sp|F4JPX3|PBL20_ARATH,0,0,0,0,0,0,0,0,0,0,0,
sp|A0A0H3AJF5|MNEA_VIBC3,1.30E-08,sp|A0A0H3AJF5|MNEA_VIBC3,0,0,0,0,0,0,0,0,0,0,0,
sp|P0DPF4|TVA35_HUMAN,0.000105316,sp|P0DPF4|TVA35_HUMAN,0,0,0,0,0,0,0,0,0,0,0,
sp|D3WAC1|TERL_BPLP2,4.18E-10,sp|D3WAC1|TERL_BPLP2,0,0,0,0,0,0,0,0,0,0,0,
sp|B1ARD6|SLFN9_MOUSE,2.33E-09,sp|B1ARD6|SLFN9_MOUSE,0,0,0,0,0,0,0,0,0,0,0,
sp|P0DPP3|YECU_ECOLI,0.000192971,sp|P0DPP3|YECU_ECOLI,0,0,0,0,0,0,0,0,0,0,0,
sp|Q988D0|HMPD_RHILO,4.14E-08,sp|Q988D0|HMPD_RHILO,0,0,0,0,0,0,0,0,0,0,0,
sp|D0QX25|ENV_QRFVE,5.97E-10,sp|D0QX25|ENV_QRFVE,0,0,0,0,0,0,0,0,0,0,0,
sp|C0HKK0|CYVIA_VIODI,0.99999726,sp|C0HKK0|CYVIA_VIODI,0,0,0,0,0,0,0,0,1,1,0.111111111,
sp|Q9LCB4|PMMS_STRHY,1.34E-09,sp|Q9LCB4|PMMS_STRHY,0,0,0,0,0,0,0,0,0,0,0,
sp|Q56RZ6|LTMM_EPIFI,3.78E-09,sp|Q56RZ6|LTMM_EPIFI,0,0,0,0,0,0,0,0,0,0,0,
sp|Q4V645|TRISS_DROME,5.02E-06,sp|Q4V645|TRISS_DROME,0,0,0,0,0,0,0,0,0,0,0,
sp|L8EBJ9|MCIZ_BACSU,0.42384836,sp|L8EBJ9|MCIZ_BACSU,0,0,0,0,0,0,0,0,0,0,0,
sp|F4IFD0|MAIL2_ARATH,7.85E-11,sp|F4IFD0|MAIL2_ARATH,0,0,0,0,0,0,0,0,0,0,0,
sp|Q9C1B8|TRI7_FUSSP,5.12E-09,sp|Q9C1B8|TRI7_FUSSP,0,0,0,0,0,0,0,0,0,0,0,
sp|H7FWB6|IBP_FLAFP,2.28E-10,sp|H7FWB6|IBP_FLAFP,0,0,0,0,0,0,0,0,0,0,0,
sp|A1Z8D0|PWP1_DROME,1.59E-07,sp|A1Z8D0|PWP1_DROME,0,0,0,0,0,0,0,0,0,0,0,
sp|P0DPE2|EFCE2_BOVIN,1.72E-10,sp|P0DPE2|EFCE2_BOVIN,0,0,0,0,0,0,0,0,0,0,0,
sp|H2KZ86|ABH52_CAEEL,7.14E-08,sp|H2KZ86|ABH52_CAEEL,0,0,0,0,0,0,0,0,0,0,0,
sp|I1C129|RFS_RHIO9,1.26E-09,sp|I1C129|RFS_RHIO9,0,0,0,0,0,0,0,0,0,0,0,
sp|Q9SLE0|GNTK_ARATH,1.31E-07,sp|Q9SLE0|GNTK_ARATH,0,0,0,0,0,0,0,0,0,0,0,
sp|Q94K85|CATB3_ARATH,1.88E-09,sp|Q94K85|CATB3_ARATH,0,0,0,0,0,0,0,0,0,0,0,
sp|Q84SC3|ACBP1_ORYSJ,2.79E-08,sp|Q84SC3|ACBP1_ORYSJ,0,0,0,0,0,0,0,0,0,0,0,
sp|C0HL92|AKH1B_AGRIP,0.7724523,sp|C0HL92|AKH1B_AGRIP,0,0,0,0,0,0,0,0,0,0,0,
sp|Q5SJV1|RBFA_THET8,3.00E-09,sp|Q5SJV1|RBFA_THET8,0,0,0,0,0,0,0,0,0,0,0,
sp|E7EKH2|B1SN2_SYLSP,1.01E-07,sp|E7EKH2|B1SN2_SYLSP,0,0,0,0,0,0,0,0,0,0,0,
sp|P0DPN2|YKID_ECOLI,3.37E-06,sp|P0DPN2|YKID_ECOLI,1,0,1,0,0,0,0,1,1,4,0.444444444,
sp|G5EET6|EFA6_CAEEL,6.75E-10,sp|G5EET6|EFA6_CAEEL,0,0,0,0,0,0,0,0,0,0,0,
sp|W7LKY5|FUM17_GIBM7,3.97E-09,sp|W7LKY5|FUM17_GIBM7,0,0,0,0,0,0,0,0,0,0,0,
sp|Q8GYH5|BAD1_ARATH,6.80E-10,sp|Q8GYH5|BAD1_ARATH,0,0,0,0,0,0,0,0,0,0,0,
sp|G3FIN8|UGTK4_MANES,4.15E-09,sp|G3FIN8|UGTK4_MANES,0,0,0,0,0,0,0,0,0,0,0,
sp|Q0K4F6|DTNK_CUPNH,5.84E-09,sp|Q0K4F6|DTNK_CUPNH,0,0,0,0,0,0,0,0,0,0,0,
sp|Q4WYN4|CRMC_ASPFU,1.72E-11,sp|Q4WYN4|CRMC_ASPFU,0,0,0,0,0,0,0,0,0,0,0,
sp|A8IRK7|CF251_CHLRE,9.48E-11,sp|A8IRK7|CF251_CHLRE,0,0,0,0,0,0,0,0,0,0,0,
sp|Q75GE8|CDPK8_ORYSJ,3.68E-09,sp|Q75GE8|CDPK8_ORYSJ,0,0,0,0,0,0,0,0,0,0,0,
sp|Q4WR20|HELB3_ASPFU,4.44E-10,sp|Q4WR20|HELB3_ASPFU,0,0,0,0,0,0,0,0,0,0,0,
sp|P0DP33|CALM1_XENLA,1.57E-08,sp|P0DP33|CALM1_XENLA,0,0,0,0,0,0,0,0,0,0,0,
sp|B8NM69|USTP_ASPFN,6.57E-10,sp|B8NM69|USTP_ASPFN,0,0,0,0,0,0,0,0,0,0,0,
sp|A0A067XMV4|PTAM_PESFW,2.55E-10,sp|A0A067XMV4|PTAM_PESFW,0,0,0,0,0,0,0,0,0,0,0,
sp|Q9HV27|CDPD2_PSEAE,2.39E-10,sp|Q9HV27|CDPD2_PSEAE,0,0,0,0,0,0,0,0,0,0,0,
sp|Q9C6D3|NHD2_ARATH,5.87E-10,sp|Q9C6D3|NHD2_ARATH,0,0,0,0,0,0,0,0,0,0,0,
sp|A0A1I8MUL8|TRSF_MUSDO,2.64E-08,sp|A0A1I8MUL8|TRSF_MUSDO,0,0,0,0,0,0,0,0,0,0,0,
sp|A6VKK5|OTNK_ACTSZ,1.48E-07,sp|A6VKK5|OTNK_ACTSZ,0,0,0,0,0,0,0,0,0,0,0,
sp|B8NI20|IMQC_ASPFN,4.41E-07,sp|B8NI20|IMQC_ASPFN,0,0,0,0,0,0,0,0,0,0,0,
sp|A0A1B4XBI2|SDNR_SORAA,1.25E-09,sp|A0A1B4XBI2|SDNR_SORAA,0,0,0,0,0,0,0,0,0,0,0,
sp|P0DN99|PCP12_ARATH,0.9999751,sp|P0DN99|PCP12_ARATH,0,0,0,0,0,0,0,0,0,0,0,
sp|Q8J2J8|LOLA2_EPIUN,4.26E-09,sp|Q8J2J8|LOLA2_EPIUN,0,0,0,0,0,0,0,0,0,0,0,
sp|Q9FND4|WDS_ARATH,8.95E-09,sp|Q9FND4|WDS_ARATH,0,0,0,0,0,0,0,0,0,0,0,
sp|D5A7J3|PIN5B_ORYSJ,2.45E-09,sp|D5A7J3|PIN5B_ORYSJ,0,0,0,0,0,0,0,0,0,0,0,
sp|C8V7P3|IVOC_EMENI,2.10E-09,sp|C8V7P3|IVOC_EMENI,0,0,0,0,0,0,0,0,0,0,0,
sp|Q9CZN7|GLYM_MOUSE,3.64E-10,sp|Q9CZN7|GLYM_MOUSE,0,0,0,0,0,0,0,0,0,0,0,
sp|S0DRX3|FUB12_GIBF5,1.48E-10,sp|S0DRX3|FUB12_GIBF5,0,0,0,0,0,0,0,0,0,0,0,
sp|A0QND6|DPO3B_MYCS2,8.22E-10,sp|A0QND6|DPO3B_MYCS2,0,0,0,0,0,0,0,0,0,0,0,
sp|A0QNJ3|PE35_MYCS2,5.29E-10,sp|A0QNJ3|PE35_MYCS2,0,0,0,0,0,0,0,0,0,0,0,
sp|Q94JY0|PAB_ARATH,6.48E-08,sp|Q94JY0|PAB_ARATH,0,0,0,0,0,0,0,0,0,0,0,
sp|D4D449|DMAW_TRIVH,3.28E-09,sp|D4D449|DMAW_TRIVH,0,0,0,0,0,0,0,0,0,0,0,
sp|Q10Q80|ERV1_ORYSJ,4.41E-09,sp|Q10Q80|ERV1_ORYSJ,0,0,0,0,0,0,0,0,0,0,0,
sp|B8NLM9|ARTA_ASPFN,1.72E-08,sp|B8NLM9|ARTA_ASPFN,0,0,0,0,0,0,0,0,0,0,0,
sp|P0DKA1|VE8E2_HPV11,4.43E-09,sp|P0DKA1|VE8E2_HPV11,0,0,0,0,0,0,0,0,0,0,0,
sp|B8NM73|USTF2_ASPFN,3.76E-08,sp|B8NM73|USTF2_ASPFN,0,0,0,0,0,0,0,0,0,0,0,
sp|Q0D154|AT330_ASPTN,1.63E-07,sp|Q0D154|AT330_ASPTN,0,0,0,0,0,0,0,0,0,0,0,
sp|A0A1B4XBI3|SDNT_SORAA,5.35E-11,sp|A0A1B4XBI3|SDNT_SORAA,0,0,0,0,0,0,0,0,0,0,0,
sp|A0A1B0GUU1|CQ113_HUMAN,9.20E-11,sp|A0A1B0GUU1|CQ113_HUMAN,0,0,0,0,0,0,0,0,0,0,0,
sp|A0A0U3AL34|ARMH4_ARMME,9.57E-11,sp|A0A0U3AL34|ARMH4_ARMME,0,0,0,0,0,0,0,0,0,0,0,
sp|A1A652|FER2_USTMA,6.88E-09,sp|A1A652|FER2_USTMA,0,0,0,0,0,0,0,0,0,0,0,
sp|C0HL99|PROF_ACTDE,1.65E-09,sp|C0HL99|PROF_ACTDE,0,0,0,0,0,0,0,0,0,0,0,
sp|Q7XIM0|CDPKH_ORYSJ,1.66E-09,sp|Q7XIM0|CDPKH_ORYSJ,0,0,0,0,0,0,0,0,0,0,0,
sp|A0A0D2YG02|FUB7_FUSO4,1.17E-08,sp|A0A0D2YG02|FUB7_FUSO4,0,0,0,0,0,0,0,0,0,0,0,
sp|Q12XS2|METXA_METBU,7.63E-09,sp|Q12XS2|METXA_METBU,0,0,0,0,0,0,0,0,0,0,0,
sp|Q08FX8|DPV22_DPV83,1.83E-08,sp|Q08FX8|DPV22_DPV83,0,0,0,0,0,0,0,0,0,0,0,
sp|Q79FB3|PG47_MYCTU,1.73E-08,sp|Q79FB3|PG47_MYCTU,0,0,0,0,0,0,0,0,0,0,0,
sp|A0A023UCA6|AAMA2_AMAFL,0.99986184,sp|A0A023UCA6|AAMA2_AMAFL,1,0,1,0,1,0,0,1,1,5,0.555555556,
sp|A0A1B2LS07|NREA_ARCFU,6.98E-09,sp|A0A1B2LS07|NREA_ARCFU,0,0,0,0,0,0,0,0,0,0,0,
sp|G3V686|RETNG_RAT,2.26E-09,sp|G3V686|RETNG_RAT,0,0,0,0,0,0,0,0,0,0,0,
sp|A0A0B4J245|TVAL1_HUMAN,1.25E-07,sp|A0A0B4J245|TVAL1_HUMAN,0,0,0,0,0,0,0,0,0,0,0,
sp|P0DOJ2|VP2_POVK6,5.38E-10,sp|P0DOJ2|VP2_POVK6,0,0,0,0,0,0,0,0,0,0,0,
sp|B8NI21|IMQD_ASPFN,1.15E-11,sp|B8NI21|IMQD_ASPFN,0,0,0,0,0,0,0,0,0,0,0,
sp|Q8NLN8|LCPB_CORGL,9.37E-11,sp|Q8NLN8|LCPB_CORGL,0,0,0,0,0,0,0,0,0,0,0,
sp|Q086E4|IBP1_SHEFN,2.52E-11,sp|Q086E4|IBP1_SHEFN,0,0,0,0,0,0,0,0,0,0,0,
sp|B3FHP0|SUCB_BLAHN,4.33E-10,sp|B3FHP0|SUCB_BLAHN,0,0,0,0,0,0,0,0,0,0,0,
sp|I1S165|FSL2_GIBZE,2.18E-08,sp|I1S165|FSL2_GIBZE,0,0,0,0,0,0,0,0,0,0,0,
sp|C0HKS0|ALLC_AGRIP,9.93E-07,sp|C0HKS0|ALLC_AGRIP,0,0,0,0,0,0,0,0,1,1,0.111111111,
sp|Q84WK5|GID8_ARATH,1.55E-08,sp|Q84WK5|GID8_ARATH,0,0,0,0,0,0,0,0,0,0,0,
sp|P0CU40|SAHS2_HYPDU,1.16E-07,sp|P0CU40|SAHS2_HYPDU,0,0,0,0,0,0,0,0,0,0,0,
sp|F4KFD8|LIIP2_ARATH,9.69E-10,sp|F4KFD8|LIIP2_ARATH,0,0,0,0,0,0,0,0,0,0,0,
sp|Q0P3Z8|UBX10_DANRE,1.55E-07,sp|Q0P3Z8|UBX10_DANRE,0,0,0,0,0,0,0,0,0,0,0,
sp|B3H5A9|PCEP6_ARATH,1,sp|B3H5A9|PCEP6_ARATH,0,0,0,0,0,0,0,0,0,0,0,
sp|Q79FU3|PG16_MYCTU,1.20E-08,sp|Q79FU3|PG16_MYCTU,0,0,0,0,0,0,0,0,0,0,0,
sp|P0DP90|ILVG_ECOLI,1.57E-09,sp|P0DP90|ILVG_ECOLI,0,0,0,0,0,0,0,0,0,0,0,
sp|Q9C6U1|MYB83_ARATH,1.34E-10,sp|Q9C6U1|MYB83_ARATH,0,0,0,0,0,0,0,0,0,0,0,
sp|Q9LTV4|MYB10_ARATH,1.17E-08,sp|Q9LTV4|MYB10_ARATH,0,0,0,0,0,0,0,0,0,0,0,
,0.04,0.96,,,,,,,,,,,0.01378751,0.98621249
TN,263.0436358,,,,,,,,,,,,270.2222222,
FP,10.95636419,,,,,,,,,,,,3.777777778,
,274,,,,,,,,,,,,,