headers,pred,qID,TBEb_SVM,TBEa_GBM,TBEa_SVM,TBSim_GBM,TBSim_SVM,SToxB_GBM,SToxB_SVM,BIF_SVM,BIF_GBM,ToxClassScore,ID,clantoxScore
sp|A0A059T2H4|TX2A_CHEPU,0.05540058,sp|A0A059T2H4|TX2A_CHEPU,1,1,1,1,1,1,1,1,0,8,sp|A0A059T2H4|TX2A_CHEPU,-0.216
sp|A0A068B0Z6|CA13B_CONLT,1,sp|A0A068B0Z6|CA13B_CONLT,1,1,1,1,1,1,1,1,1,9,sp|A0A068B0Z6|CA13B_CONLT,-0.115
sp|A0A0A0VBX4|CDKA_CONGR,1,sp|A0A0A0VBX4|CDKA_CONGR,0,0,1,0,0,0,1,1,1,4,sp|A0A0A0VBX4|CDKA_CONGR,0.285
sp|A0A0B5A7M7|INS1_CONIM,6.54E-08,sp|A0A0B5A7M7|INS1_CONIM,0,0,0,0,0,0,0,0,0,0,sp|A0A0B5A7M7|INS1_CONIM,-0.125
sp|A0A0B5A7N1|INS2B_CONFO,8.85E-10,sp|A0A0B5A7N1|INS2B_CONFO,0,0,0,0,0,0,0,0,0,0,sp|A0A0B5A7N1|INS2B_CONFO,0.255
sp|A0A0B5A7N5|INS2C_CONFO,1.06E-09,sp|A0A0B5A7N5|INS2C_CONFO,0,0,0,0,0,0,0,0,0,0,sp|A0A0B5A7N5|INS2C_CONFO,-0.107
sp|A0A0B5A7N8|INS1_CONTE,2.32E-05,sp|A0A0B5A7N8|INS1_CONTE,0,0,0,0,0,0,0,0,0,0,sp|A0A0B5A7N8|INS1_CONTE,-0.411
sp|A0A0B5A7P2|INS1C_CONGE,0.9981719,sp|A0A0B5A7P2|INS1C_CONGE,0,0,0,0,0,0,0,0,0,0,sp|A0A0B5A7P2|INS1C_CONGE,-0.151
sp|A0A0B5A8P4|INS3A_CONGE,1.58E-06,sp|A0A0B5A8P4|INS3A_CONGE,0,0,0,0,0,0,0,0,1,1,sp|A0A0B5A8P4|INS3A_CONGE,-0.251
sp|A0A0B5A8P8|INS2_CONIM,4.64E-10,sp|A0A0B5A8P8|INS2_CONIM,0,0,0,0,0,0,0,0,0,0,sp|A0A0B5A8P8|INS2_CONIM,0.157
sp|A0A0B5A8Q2|INS1B_CONGE,0.74894834,sp|A0A0B5A8Q2|INS1B_CONGE,0,0,0,0,0,0,0,0,0,0,sp|A0A0B5A8Q2|INS1B_CONGE,0.231
sp|A0A0B5A8Q6|INS1_CONMR,5.11E-08,sp|A0A0B5A8Q6|INS1_CONMR,0,0,0,0,0,0,0,0,0,0,sp|A0A0B5A8Q6|INS1_CONMR,-0.223
sp|A0A0B5ABD5|INS3_CONTU,0.99998546,sp|A0A0B5ABD5|INS3_CONTU,0,0,0,0,0,0,0,0,0,0,sp|A0A0B5ABD5|INS3_CONTU,-0.393
sp|A0A0B5ABD9|INS2A_CONGE,0.9957294,sp|A0A0B5ABD9|INS2A_CONGE,0,0,0,0,0,0,0,0,0,0,sp|A0A0B5ABD9|INS2A_CONGE,-0.222
sp|A0A0B5ABE4|INS1B_CONQU,9.46E-09,sp|A0A0B5ABE4|INS1B_CONQU,0,0,0,0,0,0,0,0,0,0,sp|A0A0B5ABE4|INS1B_CONQU,0.345
sp|A0A0B5ABE6|INS1A_CONQU,8.48E-09,sp|A0A0B5ABE6|INS1A_CONQU,0,0,0,0,0,0,0,0,0,0,sp|A0A0B5ABE6|INS1A_CONQU,-0.33
sp|A0A0B5AC86|INS3B_CONGE,1.79E-06,sp|A0A0B5AC86|INS3B_CONGE,0,0,0,0,0,0,0,0,1,1,sp|A0A0B5AC86|INS3B_CONGE,0.553
sp|A0A0B5AC90|INS2_CONTU,0.99999166,sp|A0A0B5AC90|INS2_CONTU,0,0,0,0,0,0,0,0,0,0,sp|A0A0B5AC90|INS2_CONTU,0.11
sp|A0A0B5AC95|INS1A_CONGE,0.002537415,sp|A0A0B5AC95|INS1A_CONGE,0,0,0,0,0,0,0,0,0,0,sp|A0A0B5AC95|INS1A_CONGE,0.482
sp|A0A0B5AC98|INS1_CONFO,1.42E-08,sp|A0A0B5AC98|INS1_CONFO,0,0,0,0,0,0,0,0,0,0,sp|A0A0B5AC98|INS1_CONFO,0.179
sp|A0A0B5ADT3|INS2B_CONGE,0.5847795,sp|A0A0B5ADT3|INS2B_CONGE,0,0,0,0,0,0,0,0,0,0,sp|A0A0B5ADT3|INS2B_CONGE,0.115
sp|A0A0B5ADT9|INS2A_CONFO,9.35E-10,sp|A0A0B5ADT9|INS2A_CONFO,0,0,0,0,0,0,0,0,0,0,sp|A0A0B5ADT9|INS2A_CONFO,-0.121
sp|A0A0B5ADU4|INS1_CONTU,0.9999982,sp|A0A0B5ADU4|INS1_CONTU,0,0,0,0,0,0,0,0,0,0,sp|A0A0B5ADU4|INS1_CONTU,0.135
sp|A0A0B5ADV0|INS1_CONME,0.000172907,sp|A0A0B5ADV0|INS1_CONME,0,0,0,0,0,0,0,0,0,0,sp|A0A0B5ADV0|INS1_CONME,-0.095
sp|A0A0E3SVB8|CG2RB_CONMI,1,sp|A0A0E3SVB8|CG2RB_CONMI,0,0,0,0,0,0,0,1,1,2,sp|A0A0E3SVB8|CG2RB_CONMI,0.39
sp|A0A0E3SVE7|CG2RA_CONMI,1,sp|A0A0E3SVE7|CG2RA_CONMI,0,0,0,0,0,0,0,0,1,1,sp|A0A0E3SVE7|CG2RA_CONMI,-0.095
sp|A0A0F6QDA5|O16A_CONEB,0.9999945,sp|A0A0F6QDA5|O16A_CONEB,1,1,1,1,1,0,1,1,1,8,sp|A0A0F6QDA5|O16A_CONEB,-0.509
sp|A0A0F7YYV0|INS_CONVC,1.04E-05,sp|A0A0F7YYV0|INS_CONVC,0,0,0,0,0,0,0,0,0,0,sp|A0A0F7YYV0|INS_CONVC,-0.234
sp|A0A0F7YYX3|CPROH_CONVC,4.34E-09,sp|A0A0F7YYX3|CPROH_CONVC,0,0,0,0,0,0,0,0,0,0,sp|A0A0F7YYX3|CPROH_CONVC,-0.432
sp|A0A0F7YZI5|CTHB5_CONVC,8.71E-06,sp|A0A0F7YZI5|CTHB5_CONVC,0,0,0,0,0,0,0,0,0,0,sp|A0A0F7YZI5|CTHB5_CONVC,-0.148
sp|A0A0F7YZQ7|CELE_CONVC,3.16E-06,sp|A0A0F7YZQ7|CELE_CONVC,0,0,0,0,0,0,0,0,0,0,sp|A0A0F7YZQ7|CELE_CONVC,0.31
sp|A0A0F7Z3J2|CTHA2_CONVC,1.18E-09,sp|A0A0F7Z3J2|CTHA2_CONVC,0,0,0,0,0,0,0,0,0,0,sp|A0A0F7Z3J2|CTHA2_CONVC,-0.234
sp|A0A0G3F8Z3|TBO_TIBOB,1,sp|A0A0G3F8Z3|TBO_TIBOB,0,0,0,0,0,0,1,1,1,3,sp|A0A0G3F8Z3|TBO_TIBOB,0.428
sp|A0A0J9X1W9|HD1A_CYRDO,1,sp|A0A0J9X1W9|HD1A_CYRDO,1,0,1,0,1,1,1,1,1,7,sp|A0A0J9X1W9|HD1A_CYRDO,0.433
sp|A0A0K8TU78|COW_CONLV,1,sp|A0A0K8TU78|COW_CONLV,1,0,1,0,1,1,1,1,0,6,sp|A0A0K8TU78|COW_CONLV,0.309
sp|A0A0N7CSQ4|TXTRP_SCOMU,0.9714173,sp|A0A0N7CSQ4|TXTRP_SCOMU,0,0,0,0,0,0,0,0,1,1,sp|A0A0N7CSQ4|TXTRP_SCOMU,0.554
sp|A0A0R4I951|TX609_SCOSD,0.99999404,sp|A0A0R4I951|TX609_SCOSD,1,0,1,0,1,0,0,1,1,5,sp|A0A0R4I951|TX609_SCOSD,-0.26
sp|A0A0R4I952|CXRA_CONMO,0.5884325,sp|A0A0R4I952|CXRA_CONMO,1,0,1,0,1,0,0,1,1,5,sp|A0A0R4I952|CXRA_CONMO,0.432
sp|A0A0U5AUY6|3SA9_NAJNA,7.34E-06,sp|A0A0U5AUY6|3SA9_NAJNA,1,1,1,1,1,1,1,1,1,9,sp|A0A0U5AUY6|3SA9_NAJNA,-0.634
sp|A0A1L1QJU3|TP1A_HADIN,1,sp|A0A1L1QJU3|TP1A_HADIN,1,0,1,0,1,1,1,1,1,7,sp|A0A1L1QJU3|TP1A_HADIN,0.293
sp|A0A1L2FZD4|KAX88_ORTSC,1,sp|A0A1L2FZD4|KAX88_ORTSC,1,0,1,0,1,1,1,1,1,7,sp|A0A1L2FZD4|KAX88_ORTSC,0.033
sp|A0A1L4BJ98|PLD1_HEMLE,7.68E-10,sp|A0A1L4BJ98|PLD1_HEMLE,0,0,0,0,0,1,1,0,0,2,sp|A0A1L4BJ98|PLD1_HEMLE,0.495
sp|A0A1P8NVR4|COW2_CONLI,1,sp|A0A1P8NVR4|COW2_CONLI,1,0,1,0,1,1,1,1,1,7,sp|A0A1P8NVR4|COW2_CONLI,0.024
sp|A0A1P8NVR5|COW1_CONAO,0.9999813,sp|A0A1P8NVR5|COW1_CONAO,1,0,1,0,1,1,1,1,1,7,sp|A0A1P8NVR5|COW1_CONAO,0.349
sp|A0A1P8NVS2|COW1_CONLI,1,sp|A0A1P8NVS2|COW1_CONLI,1,0,1,0,1,1,1,1,1,7,sp|A0A1P8NVS2|COW1_CONLI,0.253
sp|A0A1P8NVS3|COW_CONMI,1,sp|A0A1P8NVS3|COW_CONMI,1,0,1,0,1,1,1,1,1,7,sp|A0A1P8NVS3|COW_CONMI,0.461
sp|A0A1P8NVS8|COW2_CONLT,1,sp|A0A1P8NVS8|COW2_CONLT,1,0,1,0,1,1,1,1,1,7,sp|A0A1P8NVS8|COW2_CONLT,0.44
sp|A0A1P8NVS9|COW_CONEA,1,sp|A0A1P8NVS9|COW_CONEA,1,0,1,0,1,1,1,1,1,7,sp|A0A1P8NVS9|COW_CONEA,0.513
sp|A0A1P8NVT3|COW_CONFG,1,sp|A0A1P8NVT3|COW_CONFG,1,0,1,0,1,1,1,1,1,7,sp|A0A1P8NVT3|COW_CONFG,0.209
sp|A0A1P8NVU0|COW2_CONBL,0.9999999,sp|A0A1P8NVU0|COW2_CONBL,1,0,1,0,1,1,1,1,0,6,sp|A0A1P8NVU0|COW2_CONBL,0.455
sp|A0A1P8NVU1|COW_CONMO,0.06768307,sp|A0A1P8NVU1|COW_CONMO,1,0,1,0,1,0,0,1,1,5,sp|A0A1P8NVU1|COW_CONMO,-0.579
sp|A0A1S4NYE8|TX1_PSARE,1,sp|A0A1S4NYE8|TX1_PSARE,1,0,1,0,1,1,1,1,1,7,sp|A0A1S4NYE8|TX1_PSARE,0.107
sp|A0A1W6EVM7|AMPU1_AMPCP,0.99678576,sp|A0A1W6EVM7|AMPU1_AMPCP,0,0,0,0,0,0,0,0,0,0,sp|A0A1W6EVM7|AMPU1_AMPCP,0.315
sp|A0A1W6EVN2|AMPU2_AMPCP,1.55E-06,sp|A0A1W6EVN2|AMPU2_AMPCP,0,0,0,0,0,0,0,0,0,0,sp|A0A1W6EVN2|AMPU2_AMPCP,-0.195
sp|A0A1W6EVN4|AMPU3_AMPCP,0.63973236,sp|A0A1W6EVN4|AMPU3_AMPCP,0,0,0,0,0,0,0,0,0,0,sp|A0A1W6EVN4|AMPU3_AMPCP,-0.428
sp|A0A1Z0YU59|MAMB1_DENAN,1,sp|A0A1Z0YU59|MAMB1_DENAN,1,0,1,0,0,0,0,0,0,2,sp|A0A1Z0YU59|MAMB1_DENAN,-0.335
sp|A0A2I6EDL2|CM3K_CONRE,0.9999999,sp|A0A2I6EDL2|CM3K_CONRE,1,0,1,0,0,1,1,1,1,6,sp|A0A2I6EDL2|CM3K_CONRE,-0.343
sp|A0A2I6EDL3|CM35_CONRE,0.99999833,sp|A0A2I6EDL3|CM35_CONRE,1,0,1,0,1,1,1,1,1,7,sp|A0A2I6EDL3|CM35_CONRE,0.136
sp|A0A2I6EDL4|CM3H_CONRE,0.004731429,sp|A0A2I6EDL4|CM3H_CONRE,1,0,1,0,1,1,1,1,1,7,sp|A0A2I6EDL4|CM3H_CONRE,0.299
sp|A0A2I6EDL5|CM3L_CONRE,0.000193559,sp|A0A2I6EDL5|CM3L_CONRE,1,0,1,0,1,1,1,1,1,7,sp|A0A2I6EDL5|CM3L_CONRE,-0.195
sp|A0A2I6EDL6|CM38_CONRE,1,sp|A0A2I6EDL6|CM38_CONRE,1,0,1,0,1,1,1,1,1,7,sp|A0A2I6EDL6|CM38_CONRE,-0.396
sp|A0A2I6EDL7|CM37_CONRE,1,sp|A0A2I6EDL7|CM37_CONRE,1,0,1,0,1,1,1,1,1,7,sp|A0A2I6EDL7|CM37_CONRE,0.374
sp|A0A2I6EDM1|CM39_CONRE,0.001280966,sp|A0A2I6EDM1|CM39_CONRE,1,0,1,0,1,1,1,1,1,7,sp|A0A2I6EDM1|CM39_CONRE,0.292
sp|A0A2I6EDM2|CM310_CONRE,0.9997489,sp|A0A2I6EDM2|CM310_CONRE,1,0,1,0,1,1,1,1,1,7,sp|A0A2I6EDM2|CM310_CONRE,-0.358
sp|A0A2I6EDM5|CM36_CONRE,1,sp|A0A2I6EDM5|CM36_CONRE,1,0,1,0,1,1,1,1,1,7,sp|A0A2I6EDM5|CM36_CONRE,-0.448
sp|A0A2I6EDM8|CM3F_CONRE,1,sp|A0A2I6EDM8|CM3F_CONRE,1,0,1,0,1,1,1,1,1,7,sp|A0A2I6EDM8|CM3F_CONRE,-0.285
sp|A0A2I6EDM9|CM312_CONRE,0.104395054,sp|A0A2I6EDM9|CM312_CONRE,1,0,1,0,1,0,1,1,1,6,sp|A0A2I6EDM9|CM312_CONRE,0.475
sp|A0A2I6EDN0|CM317_CONRE,0.9999995,sp|A0A2I6EDN0|CM317_CONRE,1,0,1,0,1,1,1,1,1,7,sp|A0A2I6EDN0|CM317_CONRE,0.339
sp|A0A2I6EDN1|CM314_CONRE,1,sp|A0A2I6EDN1|CM314_CONRE,1,0,1,0,1,1,1,1,1,7,sp|A0A2I6EDN1|CM314_CONRE,0.491
sp|A0A2I6EDN2|CM316_CONRE,1,sp|A0A2I6EDN2|CM316_CONRE,1,0,1,0,1,1,1,1,1,7,sp|A0A2I6EDN2|CM316_CONRE,0.232
sp|A0A2I6EDN3|CM315_CONRE,0.99996495,sp|A0A2I6EDN3|CM315_CONRE,1,0,1,0,0,1,1,1,1,6,sp|A0A2I6EDN3|CM315_CONRE,0.335
sp|A0A2I6EDN5|CM3A_CONRE,1,sp|A0A2I6EDN5|CM3A_CONRE,1,0,1,0,0,1,1,1,1,6,sp|A0A2I6EDN5|CM3A_CONRE,0.049
sp|A0A2I6EDN8|CM311_CONRE,0.004542885,sp|A0A2I6EDN8|CM311_CONRE,1,0,1,0,0,0,0,1,1,4,sp|A0A2I6EDN8|CM311_CONRE,0.238
sp|B1P1E2|JZ11D_CHIGU,1,sp|B1P1E2|JZ11D_CHIGU,1,0,1,0,1,1,1,1,1,7,sp|B1P1E2|JZ11D_CHIGU,0.122
sp|C0HJE7|OXLA_CRODU,1,sp|C0HJE7|OXLA_CRODU,1,1,1,1,0,0,0,1,0,5,sp|C0HJE7|OXLA_CRODU,0.368
sp|C0HJM4|VM2_CROSM,1,sp|C0HJM4|VM2_CROSM,1,1,1,1,1,1,1,1,1,9,sp|C0HJM4|VM2_CROSM,0.151
sp|C0HJM5|VM2_CERSA,0.9999993,sp|C0HJM5|VM2_CERSA,1,1,1,0,1,1,1,1,1,8,sp|C0HJM5|VM2_CERSA,-0.181
sp|C0HJM9|SCX2_TITFA,1,sp|C0HJM9|SCX2_TITFA,1,0,1,0,1,1,1,1,1,7,sp|C0HJM9|SCX2_TITFA,0.341
sp|C0HJQ2|KA192_BUTOC,1,sp|C0HJQ2|KA192_BUTOC,1,1,1,0,1,1,1,1,1,8,sp|C0HJQ2|KA192_BUTOC,0.298
sp|C0HJS9|KAX1I_RHOJU,0.9999999,sp|C0HJS9|KAX1I_RHOJU,1,0,1,0,1,1,1,1,1,7,sp|C0HJS9|KAX1I_RHOJU,-0.11
sp|C0HJT0|KAX2J_RHOJU,0.99965715,sp|C0HJT0|KAX2J_RHOJU,1,1,1,1,1,1,1,1,1,9,sp|C0HJT0|KAX2J_RHOJU,0.132
sp|C0HJT2|NDBP8_TITSE,0.001032202,sp|C0HJT2|NDBP8_TITSE,1,1,1,1,0,0,0,1,1,6,sp|C0HJT2|NDBP8_TITSE,0.258
sp|C0HJT4|3NOJ_DENAN,0.99999976,sp|C0HJT4|3NOJ_DENAN,1,0,1,0,1,0,0,1,1,5,,
sp|C0HJV3|CTX21_LACTA,1.14E-07,sp|C0HJV3|CTX21_LACTA,0,0,0,0,1,0,1,0,0,2,sp|C0HJV3|CTX21_LACTA,0.051
sp|C0HJV4|CTX23_LACTA,7.35E-08,sp|C0HJV4|CTX23_LACTA,0,0,0,0,1,0,1,0,0,2,sp|C0HJV4|CTX23_LACTA,0.252
sp|C0HJV5|CTX3_LACTA,5.86E-10,sp|C0HJV5|CTX3_LACTA,0,0,0,0,1,0,0,0,0,1,sp|C0HJV5|CTX3_LACTA,0.284
sp|C0HJV6|CTX4_LACTA,1.48E-07,sp|C0HJV6|CTX4_LACTA,0,0,0,0,0,1,1,0,0,2,sp|C0HJV6|CTX4_LACTA,-0.559
sp|C0HJV7|ML1A_LACTA,1.08E-10,sp|C0HJV7|ML1A_LACTA,0,0,0,0,0,1,1,0,0,2,sp|C0HJV7|ML1A_LACTA,0.528
sp|C0HJV8|ML1B_LACTA,1.05E-10,sp|C0HJV8|ML1B_LACTA,0,0,0,0,0,1,1,0,0,2,sp|C0HJV8|ML1B_LACTA,-0.535
sp|C0HJW1|KAX2F_CENTE,1,sp|C0HJW1|KAX2F_CENTE,1,0,1,0,1,1,1,1,1,7,sp|C0HJW1|KAX2F_CENTE,0.253
sp|C0HJW2|KA104_CENTE,0.9993487,sp|C0HJW2|KA104_CENTE,1,1,1,1,1,1,1,1,1,9,sp|C0HJW2|KA104_CENTE,-0.09
sp|C0HJW3|KGX19_CENTE,1,sp|C0HJW3|KGX19_CENTE,1,1,1,0,1,1,1,1,1,8,sp|C0HJW3|KGX19_CENTE,0.153
sp|C0HJW4|PEP_CENTE,0.325397,sp|C0HJW4|PEP_CENTE,1,0,1,0,0,0,0,1,1,4,sp|C0HJW4|PEP_CENTE,0.279
sp|C0HJW5|KAX2H_CENTE,1,sp|C0HJW5|KAX2H_CENTE,1,0,1,0,1,1,1,1,1,7,sp|C0HJW5|KAX2H_CENTE,0.153
sp|C0HJW6|KAX2G_CENTE,1,sp|C0HJW6|KAX2G_CENTE,1,0,1,0,1,1,1,1,1,7,sp|C0HJW6|KAX2G_CENTE,0.347
sp|C0HJY4|PON1A_ANOEM,0.47882798,sp|C0HJY4|PON1A_ANOEM,1,0,1,0,1,0,0,1,1,5,sp|C0HJY4|PON1A_ANOEM,-0.374
sp|C0HJY5|PON1B_ANOEM,0.99999607,sp|C0HJY5|PON1B_ANOEM,1,0,1,0,0,0,0,1,1,4,sp|C0HJY5|PON1B_ANOEM,0.322
sp|C0HJY6|PON1C_ANOEM,0.9999995,sp|C0HJY6|PON1C_ANOEM,1,0,1,0,1,0,0,1,1,5,sp|C0HJY6|PON1C_ANOEM,-0.099
sp|C0HJY7|PON1D_ANOEM,0.99999976,sp|C0HJY7|PON1D_ANOEM,1,0,1,0,1,0,0,1,1,5,sp|C0HJY7|PON1D_ANOEM,-0.029
sp|C0HJY8|PON1E_ANOEM,0.99992,sp|C0HJY8|PON1E_ANOEM,1,0,1,0,1,0,0,1,0,4,sp|C0HJY8|PON1E_ANOEM,0.255
sp|C0HJY9|PON1F_ANOEM,0.99999976,sp|C0HJY9|PON1F_ANOEM,1,0,1,0,0,0,0,1,1,4,sp|C0HJY9|PON1F_ANOEM,-0.097
sp|C0HJZ0|PON1G_ANOEM,0.99857664,sp|C0HJZ0|PON1G_ANOEM,1,0,1,0,0,0,0,1,1,4,sp|C0HJZ0|PON1G_ANOEM,-0.459
sp|C0HK04|3SX1_MICCK,0.000445297,sp|C0HK04|3SX1_MICCK,0,0,0,0,1,1,1,0,1,4,sp|C0HK04|3SX1_MICCK,0.075
sp|C0HK16|PA2BD_DABRR,1,sp|C0HK16|PA2BD_DABRR,1,1,1,0,1,1,1,1,1,8,sp|C0HK16|PA2BD_DABRR,-0.054
sp|C0HK42|LL1_LASLA,0.9999981,sp|C0HK42|LL1_LASLA,1,0,1,0,0,0,0,1,1,4,sp|C0HK42|LL1_LASLA,0.337
sp|C0HK43|LL2_LASLA,0.999997,sp|C0HK43|LL2_LASLA,1,0,1,0,0,0,0,1,1,4,sp|C0HK43|LL2_LASLA,-0.581
sp|C0HK44|LL3_LASLA,0.9999981,sp|C0HK44|LL3_LASLA,1,0,1,0,1,0,0,1,1,5,sp|C0HK44|LL3_LASLA,0.272
sp|C0HK45|PCQ42_ECTBR,0.18094641,sp|C0HK45|PCQ42_ECTBR,1,0,1,0,0,0,0,1,0,3,sp|C0HK45|PCQ42_ECTBR,0.284
sp|C0HK46|PCQ49_ECTBR,0.9998957,sp|C0HK46|PCQ49_ECTBR,1,0,1,0,0,0,0,1,0,3,sp|C0HK46|PCQ49_ECTBR,0.189
sp|C0HK47|PCQ50_ECTBR,0.9999999,sp|C0HK47|PCQ50_ECTBR,1,0,1,0,0,0,1,1,0,4,sp|C0HK47|PCQ50_ECTBR,-0.47
sp|C0HK50|VM2_CROTA,0.9999999,sp|C0HK50|VM2_CROTA,1,1,1,1,1,1,1,1,1,9,sp|C0HK50|VM2_CROTA,0.423
sp|C0HK69|SCX13_CENLI,0.99993014,sp|C0HK69|SCX13_CENLI,1,0,1,0,1,1,1,1,1,7,sp|C0HK69|SCX13_CENLI,-0.306
sp|C0HKB2|KA241_PANIM,0.9999951,sp|C0HKB2|KA241_PANIM,1,0,1,0,0,0,0,1,1,4,sp|C0HKB2|KA241_PANIM,-0.076
sp|C0HKB3|KKX29_PANIM,1,sp|C0HKB3|KKX29_PANIM,1,0,1,0,1,0,0,1,1,5,sp|C0HKB3|KKX29_PANIM,-0.445
sp|C0HKB8|PA2A1_MICDM,0.99991894,sp|C0HKB8|PA2A1_MICDM,0,0,0,0,0,0,0,0,1,1,sp|C0HKB8|PA2A1_MICDM,-0.027
sp|C0HKB9|PA2B1_MICMP,1,sp|C0HKB9|PA2B1_MICMP,1,0,1,0,1,0,0,0,1,4,sp|C0HKB9|PA2B1_MICMP,-0.46
sp|C0HKC1|PA2HB_AGKPC,0.9999995,sp|C0HKC1|PA2HB_AGKPC,1,1,1,1,1,1,1,1,1,9,sp|C0HKC1|PA2HB_AGKPC,0.452
sp|C0HKC2|PA2HB_AGKPL,1,sp|C0HKC2|PA2HB_AGKPL,1,0,1,0,1,1,0,1,1,6,sp|C0HKC2|PA2HB_AGKPL,-0.431
sp|C0HKC3|PA2B1_AGKPL,1,sp|C0HKC3|PA2B1_AGKPL,1,0,1,0,1,0,1,0,0,4,sp|C0HKC3|PA2B1_AGKPL,0.288
sp|C0HKC4|PA2B1_AGKPC,1,sp|C0HKC4|PA2B1_AGKPC,1,1,1,1,1,1,1,1,1,9,sp|C0HKC4|PA2B1_AGKPC,0.556
sp|C0HKD0|TX3A_HETMC,0.9999951,sp|C0HKD0|TX3A_HETMC,1,0,1,0,1,0,0,1,1,5,sp|C0HKD0|TX3A_HETMC,0.272
sp|C0HKF6|CA2B_CONER,0.99999905,sp|C0HKF6|CA2B_CONER,1,1,1,1,1,0,1,1,1,8,sp|C0HKF6|CA2B_CONER,-0.173
sp|C0HKG4|TX4A_CHEPU,0.99999976,sp|C0HKG4|TX4A_CHEPU,1,0,1,0,1,1,1,1,1,7,sp|C0HKG4|TX4A_CHEPU,0.213
sp|C0HKG7|TX1A_CHEPU,0.98678374,sp|C0HKG7|TX1A_CHEPU,1,1,1,1,1,1,1,1,1,9,sp|C0HKG7|TX1A_CHEPU,-0.391
sp|C0HKG8|TX1B_CHEPU,0.8737871,sp|C0HKG8|TX1B_CHEPU,1,1,1,1,1,1,1,1,1,9,sp|C0HKG8|TX1B_CHEPU,0.264
sp|C0HKG9|TX1C_CHEPU,0.99970776,sp|C0HKG9|TX1C_CHEPU,1,1,1,1,1,1,1,1,1,9,sp|C0HKG9|TX1C_CHEPU,0.367
sp|C0HKK6|TU3A_UNEBI,0.9999989,sp|C0HKK6|TU3A_UNEBI,1,0,1,0,0,0,0,1,1,4,sp|C0HKK6|TU3A_UNEBI,0.31
sp|C0HKM3|HYAL_CONPU,3.36E-11,sp|C0HKM3|HYAL_CONPU,0,0,0,0,1,0,1,0,0,2,sp|C0HKM3|HYAL_CONPU,0.313
sp|C0HKQ5|XAC1_XYLAI,0.999985,sp|C0HKQ5|XAC1_XYLAI,1,0,1,0,1,0,0,1,1,5,sp|C0HKQ5|XAC1_XYLAI,0.367
sp|C0HKQ6|XAC2_XYLAI,0.99998045,sp|C0HKQ6|XAC2_XYLAI,1,0,1,0,1,0,0,1,1,5,sp|C0HKQ6|XAC2_XYLAI,-0.389
sp|C0HKY2|CT10A_CONAO,0.99040633,sp|C0HKY2|CT10A_CONAO,1,0,1,0,1,0,0,1,1,5,sp|C0HKY2|CT10A_CONAO,0.116
sp|C0HKY3|CT10B_CONAO,0.99122787,sp|C0HKY3|CT10B_CONAO,1,0,1,0,1,0,0,1,1,5,sp|C0HKY3|CT10B_CONAO,-0.707
sp|C0HKY4|CT10C_CONAO,0.9999937,sp|C0HKY4|CT10C_CONAO,1,0,1,0,1,0,0,1,1,5,sp|C0HKY4|CT10C_CONAO,0.239
sp|C0HKY5|CT5D_CONAO,0.9999516,sp|C0HKY5|CT5D_CONAO,1,0,1,1,1,0,0,1,1,6,sp|C0HKY5|CT5D_CONAO,0.406
sp|C0HKY6|CM3B_CONAO,0.99999845,sp|C0HKY6|CM3B_CONAO,1,1,1,0,1,0,0,1,1,6,sp|C0HKY6|CM3B_CONAO,0.15
sp|C0HKY7|CM3C_CONAO,0.9999881,sp|C0HKY7|CM3C_CONAO,1,0,1,0,1,0,0,1,1,5,sp|C0HKY7|CM3C_CONAO,0.261
sp|C0HKY8|M3D_CONAO,0.99665964,sp|C0HKY8|M3D_CONAO,1,0,1,0,1,0,0,1,1,5,sp|C0HKY8|M3D_CONAO,0.269
sp|C0HKY9|M3E_CONAO,1,sp|C0HKY9|M3E_CONAO,1,0,1,0,1,0,0,1,1,5,sp|C0HKY9|M3E_CONAO,-0.007
sp|C0HKZ0|M3F_CONAO,0.9999999,sp|C0HKZ0|M3F_CONAO,1,0,1,0,1,0,0,1,1,5,sp|C0HKZ0|M3F_CONAO,0.144
sp|C0HKZ3|M3I_CONAO,0.9937297,sp|C0HKZ3|M3I_CONAO,1,0,1,0,1,0,0,1,1,5,sp|C0HKZ3|M3I_CONAO,0.188
sp|C0HKZ6|SLMA_MACLB,1,sp|C0HKZ6|SLMA_MACLB,0,0,0,0,0,1,1,0,1,3,sp|C0HKZ6|SLMA_MACLB,0.251
sp|C0HKZ7|SLMB_MACLB,0.030088237,sp|C0HKZ7|SLMB_MACLB,0,0,0,0,0,1,1,1,1,4,sp|C0HKZ7|SLMB_MACLB,0.39
sp|C0HKZ8|3NOJ_WALAE,0.9999999,sp|C0HKZ8|3NOJ_WALAE,1,0,1,0,1,0,0,1,1,5,sp|C0HKZ8|3NOJ_WALAE,0.27
sp|C0HL38|TX1A_NEPCV,0.003588921,sp|C0HL38|TX1A_NEPCV,0,0,0,0,0,0,0,0,1,1,sp|C0HL38|TX1A_NEPCV,-0.586
sp|C0HL51|KTIL_BOTSC,0.9020675,sp|C0HL51|KTIL_BOTSC,0,0,0,0,0,0,0,1,1,2,sp|C0HL51|KTIL_BOTSC,0.199
sp|C0HL57|NDB4C_ISOMC,5.92E-05,sp|C0HL57|NDB4C_ISOMC,1,0,1,0,1,0,1,1,0,5,sp|C0HL57|NDB4C_ISOMC,0.256
sp|C0HL58|NDB4B_ISOMC,1,sp|C0HL58|NDB4B_ISOMC,1,0,1,0,1,0,1,1,0,5,sp|C0HL58|NDB4B_ISOMC,-0.244
sp|C0HL59|NDB4A_ISOMC,0.027205614,sp|C0HL59|NDB4A_ISOMC,1,0,1,0,1,0,0,1,0,4,sp|C0HL59|NDB4A_ISOMC,0.472
sp|C0HL88|SL_CROVE,1,sp|C0HL88|SL_CROVE,1,0,1,1,1,0,1,1,1,7,sp|C0HL88|SL_CROVE,-0.028
sp|C0HL97|VM3_CROVE,0.9998933,sp|C0HL97|VM3_CROVE,1,1,1,1,1,0,0,1,1,7,sp|C0HL97|VM3_CROVE,-0.679
sp|C0HL98|MAC1_MACFV,0.99999905,sp|C0HL98|MAC1_MACFV,1,0,1,0,0,0,0,1,1,4,sp|C0HL98|MAC1_MACFV,-0.29
sp|C0HLB8|PA2_MICLE,0.011450329,sp|C0HLB8|PA2_MICLE,1,0,1,0,1,0,0,1,1,5,sp|C0HLB8|PA2_MICLE,0.65
sp|E4VP04|KXA3_MESEU,1.49E-06,sp|E4VP04|KXA3_MESEU,1,0,1,0,0,0,0,1,1,4,sp|E4VP04|KXA3_MESEU,0.459
sp|E4VP41|KXA4_MESEU,0.9999999,sp|E4VP41|KXA4_MESEU,1,0,1,0,0,0,0,1,1,4,sp|E4VP41|KXA4_MESEU,0.391
sp|E4VP43|KAX8R_MESEU,0.99997866,sp|E4VP43|KAX8R_MESEU,1,0,1,0,1,0,1,1,1,6,sp|E4VP43|KAX8R_MESEU,0.11
sp|F1CGT6|SCX9_CENSU,1,sp|F1CGT6|SCX9_CENSU,1,1,1,1,1,1,1,1,1,9,sp|F1CGT6|SCX9_CENSU,0.445
sp|F5C0A0|CA1A_CONVR,0.9174062,sp|F5C0A0|CA1A_CONVR,1,1,1,1,1,1,1,1,1,9,sp|F5C0A0|CA1A_CONVR,0.075
sp|F5C3T9|COW_CONVR,1,sp|F5C3T9|COW_CONVR,1,1,1,1,1,1,1,1,1,9,sp|F5C3T9|COW_CONVR,-0.661
sp|F8UWP3|SCX4_CENVT,1,sp|F8UWP3|SCX4_CENVT,1,0,1,0,0,1,1,1,1,6,sp|F8UWP3|SCX4_CENVT,-0.293
sp|H2BKS9|CM3A_CONTS,1,sp|H2BKS9|CM3A_CONTS,1,1,1,1,1,1,1,1,1,9,sp|H2BKS9|CM3A_CONTS,0.246
sp|H9N3R7|CA1C_CONLI,0.9999995,sp|H9N3R7|CA1C_CONLI,1,1,1,1,1,1,1,1,1,9,sp|H9N3R7|CA1C_CONLI,-0.381
sp|I7GQA7|PA2_XYLAI,0.5606274,sp|I7GQA7|PA2_XYLAI,0,0,0,0,0,0,0,0,0,0,sp|I7GQA7|PA2_XYLAI,0.466
sp|K8DWB5|CA1D_CONTE,0.9999814,sp|K8DWB5|CA1D_CONTE,1,1,1,1,1,1,1,1,1,9,sp|K8DWB5|CA1D_CONTE,0.453
sp|M9PQ91|O164_CONBE,1,sp|M9PQ91|O164_CONBE,1,1,1,1,1,1,1,1,1,9,sp|M9PQ91|O164_CONBE,0.283
sp|P0DL65|KA26U_MESMA,0.9999752,sp|P0DL65|KA26U_MESMA,0,0,1,0,0,0,1,0,1,3,sp|P0DL65|KA26U_MESMA,0.452
sp|P0DL66|O16A_CONTS,1,sp|P0DL66|O16A_CONTS,1,0,1,0,1,0,1,1,1,6,sp|P0DL66|O16A_CONTS,0.039
sp|P0DL67|O16A_CONSC,1,sp|P0DL67|O16A_CONSC,1,1,1,1,1,0,1,1,1,8,sp|P0DL67|O16A_CONSC,-0.658
sp|P0DL68|CA1A_CONLM,0.9999912,sp|P0DL68|CA1A_CONLM,1,0,1,0,1,1,1,1,1,7,sp|P0DL68|CA1A_CONLM,0.032
sp|P0DL69|UNTX_CENLI,1,sp|P0DL69|UNTX_CENLI,1,0,1,0,1,0,0,1,1,5,sp|P0DL69|UNTX_CENLI,0.296
sp|P0DL70|KAX2I_CENLI,0.99999917,sp|P0DL70|KAX2I_CENLI,1,1,1,1,1,1,1,1,1,9,sp|P0DL70|KAX2I_CENLI,0.088
sp|P0DL71|COS_CONTE,0.98285174,sp|P0DL71|COS_CONTE,1,1,1,1,1,0,0,1,0,6,sp|P0DL71|COS_CONTE,-0.481
sp|P0DL72|TX15_GRAPO,0.9998234,sp|P0DL72|TX15_GRAPO,1,1,1,1,1,1,1,1,1,9,sp|P0DL72|TX15_GRAPO,0.293
sp|P0DL73|TX15_PARSR,0.9998234,sp|P0DL73|TX15_PARSR,1,1,1,1,1,1,1,1,1,9,sp|P0DL73|TX15_PARSR,0.442
sp|P0DL74|VSTX3_PARSR,0.9999999,sp|P0DL74|VSTX3_PARSR,1,1,1,1,1,1,1,1,1,9,sp|P0DL74|VSTX3_PARSR,0.432
sp|P0DL75|TXR7_MACRV,0.9999999,sp|P0DL75|TXR7_MACRV,1,0,1,0,1,0,0,1,1,5,sp|P0DL75|TXR7_MACRV,0.075
sp|P0DL76|CONOT_CONTU,0.84947944,sp|P0DL76|CONOT_CONTU,1,0,1,0,0,0,0,1,1,4,sp|P0DL76|CONOT_CONTU,0.529
sp|P0DL77|CT1A_CORTR,1,sp|P0DL77|CT1A_CORTR,1,0,1,0,1,1,1,1,1,7,sp|P0DL77|CT1A_CORTR,0.125
sp|P0DL78|CT1B_CORTR,1,sp|P0DL78|CT1B_CORTR,1,0,1,0,1,1,1,1,1,7,sp|P0DL78|CT1B_CORTR,0.433
sp|P0DL79|TXP1B_BRASM,1,sp|P0DL79|TXP1B_BRASM,1,1,1,1,1,1,1,1,1,9,sp|P0DL79|TXP1B_BRASM,0.414
sp|P0DL80|TXP1A_BRASM,1,sp|P0DL80|TXP1A_BRASM,1,1,1,1,1,1,1,1,1,9,sp|P0DL80|TXP1A_BRASM,0.253
sp|P0DL81|TX1A_APHSP,1,sp|P0DL81|TX1A_APHSP,1,0,1,0,1,1,1,1,1,7,sp|P0DL81|TX1A_APHSP,-0.291
sp|P0DL82|3SXNA_CALBG,0.99999964,sp|P0DL82|3SXNA_CALBG,1,0,1,0,1,1,1,1,1,7,sp|P0DL82|3SXNA_CALBG,0.153
sp|P0DL83|SCX8_CENSU,1,sp|P0DL83|SCX8_CENSU,1,1,1,1,1,1,1,1,1,9,sp|P0DL83|SCX8_CENSU,0.158
sp|P0DL84|TX1_CERDA,1,sp|P0DL84|TX1_CERDA,1,1,1,1,1,1,1,1,1,9,sp|P0DL84|TX1_CERDA,0.47
sp|P0DL85|M3A_CONPE,0.9999999,sp|P0DL85|M3A_CONPE,1,1,1,1,1,0,0,1,1,7,sp|P0DL85|M3A_CONPE,0.466
sp|P0DM12|PN3A_PAMNI,1,sp|P0DM12|PN3A_PAMNI,1,0,1,0,1,1,1,1,1,7,sp|P0DM12|PN3A_PAMNI,0.371
sp|P0DM13|PN3B_PAMNI,0.99999964,sp|P0DM13|PN3B_PAMNI,1,0,1,0,1,1,1,1,1,7,sp|P0DM13|PN3B_PAMNI,0.627
sp|P0DM14|TX1_PHLXX,1,sp|P0DM14|TX1_PHLXX,1,0,1,0,1,0,1,1,1,6,sp|P0DM14|TX1_PHLXX,0.273
sp|P0DM15|CO6A_CONMF,1.28E-05,sp|P0DM15|CO6A_CONMF,1,0,1,1,1,0,0,1,1,6,sp|P0DM15|CO6A_CONMF,-0.282
sp|P0DM16|EM1_CONMR,0.999992,sp|P0DM16|EM1_CONMR,0,0,0,0,0,0,0,0,0,0,sp|P0DM16|EM1_CONMR,0.298
sp|P0DM17|FX1_CONMR,1.97E-06,sp|P0DM17|FX1_CONMR,0,0,0,0,0,0,0,0,0,0,sp|P0DM17|FX1_CONMR,-0.338
sp|P0DM18|NF1_CONMR,6.28E-09,sp|P0DM18|NF1_CONMR,0,0,0,0,0,0,0,0,1,1,sp|P0DM18|NF1_CONMR,0.39
sp|P0DM19|NF2_CONMR,1,sp|P0DM19|NF2_CONMR,0,0,0,0,0,0,0,0,1,1,sp|P0DM19|NF2_CONMR,-0.212
sp|P0DM20|NF3_CONMR,1,sp|P0DM20|NF3_CONMR,0,0,0,0,0,0,0,0,1,1,sp|P0DM20|NF3_CONMR,-0.6
sp|P0DM21|CA1A_CONTE,1,sp|P0DM21|CA1A_CONTE,1,1,1,1,1,1,1,1,1,9,sp|P0DM21|CA1A_CONTE,0.129
sp|P0DOC5|TX1B_HETMC,0.9999999,sp|P0DOC5|TX1B_HETMC,1,0,1,0,1,1,1,1,1,7,sp|P0DOC5|TX1B_HETMC,0.306
sp|P0DOW6|O27A_CONPG,0.99999964,sp|P0DOW6|O27A_CONPG,1,0,1,0,1,0,0,1,1,5,sp|P0DOW6|O27A_CONPG,0.322
sp|P0DOZ0|O16A_CONLG,1,sp|P0DOZ0|O16A_CONLG,1,1,1,1,1,0,1,1,1,8,sp|P0DOZ0|O16A_CONLG,0.212
sp|P0DOZ1|CU6B_CONLG,0.9999865,sp|P0DOZ1|CU6B_CONLG,1,0,1,0,1,0,0,1,1,5,sp|P0DOZ1|CU6B_CONLG,0.286
sp|P0DOZ2|CONGA_CONAV,0.99993896,sp|P0DOZ2|CONGA_CONAV,1,0,1,0,0,0,0,1,0,3,sp|P0DOZ2|CONGA_CONAV,-0.405
sp|P0DOZ3|C6G_CONRE,0.21299815,sp|P0DOZ3|C6G_CONRE,1,0,1,0,0,0,0,1,1,4,sp|P0DOZ3|C6G_CONRE,0.075
sp|P0DOZ4|CKQ_CONQU,0.9981818,sp|P0DOZ4|CKQ_CONQU,1,0,1,0,0,0,0,1,0,3,sp|P0DOZ4|CKQ_CONQU,0.054
sp|P0DOZ5|CKC_CONCB,0.023508959,sp|P0DOZ5|CKC_CONCB,1,0,1,0,0,0,0,1,0,3,sp|P0DOZ5|CKC_CONCB,0.548
sp|P0DOZ6|CKG_CONGL,0.9901012,sp|P0DOZ6|CKG_CONGL,0,0,0,0,0,0,0,1,0,1,sp|P0DOZ6|CKG_CONGL,-0.605
sp|P0DOZ7|COSR_CONVC,0.000825343,sp|P0DOZ7|COSR_CONVC,0,0,0,0,0,0,0,0,0,0,sp|P0DOZ7|COSR_CONVC,0.482
sp|P0DOZ8|M3A_CONAX,0.99999964,sp|P0DOZ8|M3A_CONAX,1,0,1,1,1,0,0,1,1,6,sp|P0DOZ8|M3A_CONAX,-0.283
sp|P0DOZ9|CUEA_CONAX,0.40290144,sp|P0DOZ9|CUEA_CONAX,1,0,1,0,1,0,0,1,1,5,sp|P0DOZ9|CUEA_CONAX,0.282
sp|P0DP00|CKO_CONOH,1,sp|P0DP00|CKO_CONOH,0,0,0,0,0,0,0,0,0,0,sp|P0DP00|CKO_CONOH,0.051
sp|P0DP10|M3A_CONFI,0.9999999,sp|P0DP10|M3A_CONFI,1,1,1,1,1,0,0,1,1,7,sp|P0DP10|M3A_CONFI,0.348
sp|P0DP11|M3C_CONFI,1,sp|P0DP11|M3C_CONFI,1,1,1,1,1,0,1,1,1,8,sp|P0DP11|M3C_CONFI,-0.516
sp|P0DP12|CM5A_CONFI,0.9999999,sp|P0DP12|CM5A_CONFI,1,0,1,0,1,0,0,1,1,5,sp|P0DP12|CM5A_CONFI,0.42
sp|P0DP13|COWB_CONFI,0.9552945,sp|P0DP13|COWB_CONFI,1,1,1,1,0,0,0,1,1,6,sp|P0DP13|COWB_CONFI,-0.4
sp|P0DP14|COWC_CONFI,0.99999595,sp|P0DP14|COWC_CONFI,1,1,1,1,1,0,0,1,1,7,sp|P0DP14|COWC_CONFI,0.28
sp|P0DP16|COWA_CONCB,0.99896336,sp|P0DP16|COWA_CONCB,1,1,1,1,1,0,0,1,1,7,sp|P0DP16|COWA_CONCB,-0.486
sp|P0DP17|COWA_CONLE,0.99896336,sp|P0DP17|COWA_CONLE,1,1,1,1,1,0,0,1,1,7,sp|P0DP17|COWA_CONLE,-0.641
sp|P0DP18|COW_CONZE,0.9999937,sp|P0DP18|COW_CONZE,1,1,1,1,0,0,0,1,1,6,sp|P0DP18|COW_CONZE,-0.345
sp|P0DP19|COW1_CONBE,0.9999937,sp|P0DP19|COW1_CONBE,1,1,1,1,0,0,0,1,1,6,sp|P0DP19|COW1_CONBE,0.533
sp|P0DP20|COWA_CONFI,0.9999937,sp|P0DP20|COWA_CONFI,1,1,1,1,0,0,0,1,1,6,sp|P0DP20|COWA_CONFI,-0.466
sp|P0DP36|KA233_SCOTI,1,sp|P0DP36|KA233_SCOTI,1,0,1,0,0,1,1,1,1,6,sp|P0DP36|KA233_SCOTI,0.47
sp|P0DP46|TP1B_HADIN,1,sp|P0DP46|TP1B_HADIN,1,0,1,0,1,1,1,1,1,7,sp|P0DP46|TP1B_HADIN,-0.466
sp|P0DP47|TP1C_HADIN,0.82199574,sp|P0DP47|TP1C_HADIN,1,0,1,0,1,1,1,1,1,7,sp|P0DP47|TP1C_HADIN,0.409
sp|P0DP48|TP1D_HADIN,1,sp|P0DP48|TP1D_HADIN,1,0,1,0,1,1,1,1,1,7,sp|P0DP48|TP1D_HADIN,-0.496
sp|P0DP54|PA2V_MEIAT,6.88E-08,sp|P0DP54|PA2V_MEIAT,0,0,0,0,0,0,0,0,0,0,sp|P0DP54|PA2V_MEIAT,0.501
sp|P0DP55|NPYV_MEIAT,1.30E-06,sp|P0DP55|NPYV_MEIAT,0,0,0,0,0,0,0,0,0,0,sp|P0DP55|NPYV_MEIAT,-0.478
sp|P0DP56|PENKV_MEIAT,1.67E-09,sp|P0DP56|PENKV_MEIAT,0,0,0,0,0,0,0,0,0,0,sp|P0DP56|PENKV_MEIAT,0.131
sp|P0DP93|CCY1A_CHRCN,0.99999976,sp|P0DP93|CCY1A_CHRCN,1,0,1,0,1,1,1,1,1,7,sp|P0DP93|CCY1A_CHRCN,-0.393
sp|P0DP94|CCY1B_CHRCN,1,sp|P0DP94|CCY1B_CHRCN,1,0,1,0,1,1,1,1,1,7,sp|P0DP94|CCY1B_CHRCN,0.229
sp|P0DP95|OSP1A_ORPS2,0.9999831,sp|P0DP95|OSP1A_ORPS2,1,0,1,0,1,1,1,1,1,7,sp|P0DP95|OSP1A_ORPS2,-0.446
sp|P0DP96|OSP1B_ORPS1,0.9999999,sp|P0DP96|OSP1B_ORPS1,1,0,1,0,1,1,1,1,1,7,sp|P0DP96|OSP1B_ORPS1,0.433
sp|P0DP97|EP1A_BUMPU,1,sp|P0DP97|EP1A_BUMPU,1,0,1,0,1,0,1,1,1,6,sp|P0DP97|EP1A_BUMPU,-0.469
sp|P0DP98|SE1A_SELEF,0.9934836,sp|P0DP98|SE1A_SELEF,1,0,1,0,1,0,1,1,1,6,sp|P0DP98|SE1A_SELEF,0.526
sp|P0DPC2|TXDF1_DAFVA,0.9999999,sp|P0DPC2|TXDF1_DAFVA,1,0,1,0,1,1,1,1,1,7,sp|P0DPC2|TXDF1_DAFVA,-0.423
sp|P0DPG5|TX1A_AUGEZ,0.9999912,sp|P0DPG5|TX1A_AUGEZ,1,0,1,0,1,1,1,1,1,7,sp|P0DPG5|TX1A_AUGEZ,0.541
sp|P0DPG6|CB28_CONMR,1,sp|P0DPG6|CB28_CONMR,1,0,1,0,0,0,0,0,0,2,sp|P0DPG6|CB28_CONMR,-0.43
sp|P0DPG7|TX35A_PHORI,1,sp|P0DPG7|TX35A_PHORI,1,1,1,0,1,1,1,1,1,8,sp|P0DPG7|TX35A_PHORI,-0.095
sp|P0DPJ2|CM3C_CONRE,1,sp|P0DPJ2|CM3C_CONRE,1,0,1,0,1,0,0,1,1,5,sp|P0DPJ2|CM3C_CONRE,-0.293
sp|P0DPJ3|CM3D_CONRE,1,sp|P0DPJ3|CM3D_CONRE,1,0,1,0,0,0,0,1,1,4,sp|P0DPJ3|CM3D_CONRE,0.274
sp|P0DPJ4|CM3E_CONRE,0.99668235,sp|P0DPJ4|CM3E_CONRE,1,0,1,0,1,0,1,1,1,6,sp|P0DPJ4|CM3E_CONRE,0.114
sp|P0DPJ5|CM3G_CONRE,0.9999589,sp|P0DPJ5|CM3G_CONRE,1,1,1,1,1,0,1,1,1,8,sp|P0DPJ5|CM3G_CONRE,0.406
sp|P0DPJ6|CM3I_CONRE,0.9999994,sp|P0DPJ6|CM3I_CONRE,1,0,1,0,1,0,0,1,1,5,sp|P0DPJ6|CM3I_CONRE,0.152
sp|P0DPJ7|CM3J_CONRE,0.99999976,sp|P0DPJ7|CM3J_CONRE,1,1,1,1,1,0,0,1,1,7,sp|P0DPJ7|CM3J_CONRE,0.365
sp|P0DPJ8|CM3M_CONRE,0.9999981,sp|P0DPJ8|CM3M_CONRE,1,0,1,0,0,0,0,1,1,4,sp|P0DPJ8|CM3M_CONRE,0.311
sp|P0DPK7|CX5E_CONTE,0.99999547,sp|P0DPK7|CX5E_CONTE,1,0,1,0,1,0,0,1,1,5,sp|P0DPK7|CX5E_CONTE,0.365
sp|P0DPK8|M313_CONTE,0.9999999,sp|P0DPK8|M313_CONTE,1,0,1,0,1,0,0,1,1,5,sp|P0DPK8|M313_CONTE,-0.588
sp|P0DPK9|M314_CONTE,0.9999999,sp|P0DPK9|M314_CONTE,1,0,1,1,1,0,0,1,1,6,sp|P0DPK9|M314_CONTE,0.302
sp|P0DPL0|M316_CONTE,0.99997497,sp|P0DPL0|M316_CONTE,1,1,1,1,1,0,0,1,1,7,sp|P0DPL0|M316_CONTE,-0.344
sp|P0DPL1|M32_CONSE,0.9998785,sp|P0DPL1|M32_CONSE,1,0,1,0,0,0,0,1,1,4,sp|P0DPL1|M32_CONSE,0.35
sp|P0DPL2|M3I_CONTE,0.9999875,sp|P0DPL2|M3I_CONTE,1,1,1,1,1,0,0,1,1,7,sp|P0DPL2|M3I_CONTE,-0.378
sp|P0DPL3|M3J_CONTE,0.9998932,sp|P0DPL3|M3J_CONTE,1,1,1,1,1,0,0,1,1,7,sp|P0DPL3|M3J_CONTE,0.415
sp|P0DPL4|CT5F_CONTE,0.058070116,sp|P0DPL4|CT5F_CONTE,1,0,1,1,0,0,1,1,1,6,sp|P0DPL4|CT5F_CONTE,0.342
sp|P0DPL5|CT5G_CONTE,0.9999993,sp|P0DPL5|CT5G_CONTE,1,0,1,0,1,0,0,1,1,5,sp|P0DPL5|CT5G_CONTE,0.31
sp|P0DPL6|CT5H_CONTE,0.37265417,sp|P0DPL6|CT5H_CONTE,1,0,1,1,1,0,0,1,1,6,sp|P0DPL6|CT5H_CONTE,0.331
sp|P0DPL7|CT5E_CONTE,0.9598164,sp|P0DPL7|CT5E_CONTE,1,1,1,1,1,0,0,1,1,7,sp|P0DPL7|CT5E_CONTE,0.187
sp|P0DPL8|CA1CB_CONTE,1,sp|P0DPL8|CA1CB_CONTE,1,0,1,0,1,1,1,1,1,7,sp|P0DPL8|CA1CB_CONTE,0.335
sp|P0DPL9|CA1Z_CONTE,0.99611735,sp|P0DPL9|CA1Z_CONTE,1,0,1,0,1,1,1,1,1,7,sp|P0DPL9|CA1Z_CONTE,0.582
sp|P0DPM0|CA12_CONSE,1,sp|P0DPM0|CA12_CONSE,1,0,1,0,1,1,1,1,1,7,sp|P0DPM0|CA12_CONSE,-0.331
sp|P0DPM1|CA13_CONSE,0.9973411,sp|P0DPM1|CA13_CONSE,1,0,1,0,1,1,1,1,1,7,sp|P0DPM1|CA13_CONSE,0.553
sp|P0DPM2|CA14_CONSE,0.000955965,sp|P0DPM2|CA14_CONSE,1,0,1,0,0,0,1,1,1,5,sp|P0DPM2|CA14_CONSE,0.368
sp|P0DPM3|CU65_CONTE,1,sp|P0DPM3|CU65_CONTE,1,1,1,1,1,0,1,1,1,8,sp|P0DPM3|CU65_CONTE,0.528
sp|P0DPM4|I166_CONTE,1,sp|P0DPM4|I166_CONTE,1,0,1,0,1,1,1,1,1,7,sp|P0DPM4|I166_CONTE,-0.387
sp|P0DPQ0|COW3_CONAO,0.09473992,sp|P0DPQ0|COW3_CONAO,1,1,1,1,0,0,0,1,1,6,sp|P0DPQ0|COW3_CONAO,0.669
sp|P0DPQ1|COW4_CONAO,0.9999832,sp|P0DPQ1|COW4_CONAO,1,1,1,1,0,0,0,1,1,6,sp|P0DPQ1|COW4_CONAO,-0.716
sp|P0DPQ2|COW2_CONFG,0.9998752,sp|P0DPQ2|COW2_CONFG,1,1,1,1,1,0,0,1,1,7,sp|P0DPQ2|COW2_CONFG,0.323
sp|S4UKA9|I1B3_CONTE,1,sp|S4UKA9|I1B3_CONTE,0,0,0,0,0,1,1,1,1,4,sp|S4UKA9|I1B3_CONTE,-0.425
sp|W4VS16|H72_CONVC,1,sp|W4VS16|H72_CONVC,0,0,0,0,0,0,0,1,1,2,sp|W4VS16|H72_CONVC,0.471
sp|W4VS70|EM1_CONVC,0.08590888,sp|W4VS70|EM1_CONVC,0,0,0,0,0,0,0,0,1,1,sp|W4VS70|EM1_CONVC,0.461
sp|W4VSA0|COW2_CONVC,0.9999999,sp|W4VSA0|COW2_CONVC,1,1,1,1,1,1,1,1,1,9,sp|W4VSA0|COW2_CONVC,0.469
sp|W4VSB6|H71_CONVC,0.7610983,sp|W4VSB6|H71_CONVC,0,0,0,0,0,0,0,0,1,1,sp|W4VSB6|H71_CONVC,0.511
sp|W4VSG7|CH1_CONVC,1,sp|W4VSG7|CH1_CONVC,0,0,0,0,0,0,0,0,0,0,sp|W4VSG7|CH1_CONVC,0.34
sp|W4VSM1|FX1_CONVC,0.99969983,sp|W4VSM1|FX1_CONVC,0,0,0,0,0,0,0,0,0,0,sp|W4VSM1|FX1_CONVC,0.325
sp|W5U5X5|TX3A_CHEPU,2.16E-07,sp|W5U5X5|TX3A_CHEPU,1,1,1,1,1,1,1,1,0,8,sp|W5U5X5|TX3A_CHEPU,0.105
sp|X5IFY8|COW_CONGE,1,sp|X5IFY8|COW_CONGE,1,1,1,1,1,1,1,1,1,9,sp|X5IFY8|COW_CONGE,0.454
sp|X5IWS1|O17J_CONGE,1,sp|X5IWS1|O17J_CONGE,1,1,1,1,1,1,1,1,1,9,sp|X5IWS1|O17J_CONGE,0.498
sp|X5IWT5|CSA8A_CONGE,1.45E-05,sp|X5IWT5|CSA8A_CONGE,0,0,0,0,0,0,0,0,1,1,sp|X5IWT5|CSA8A_CONGE,0.425